愛,アイ
相生,アイオイ
愛嬌,アイキョウ
愛顧,アイコ
挨拶,アイサツ
愛想,アイソ
あいつ,アイツ
会津,アイヅ
相手,アイテ
合間,アイマ
青嶋,アオシマ
青空,アオゾラ
仰向け,アオムケ
赤,アカ
赤地,アカジ
灯,アカリ
上がり,アガリ
明き,アキ
秋,アキ
悪,アク
悪事,アクジ
悪僧,アクソウ
悪太郎,アクタロウ
悪人,アクニン
悪風,アクフウ
あくる日,アクルヒ
あぐら,アグラ
あけ,アケ
揚足,アゲアシ
朝,アサ
麻,アサ
浅井,アサイ
朝顔,アサガオ
あさって,アサッテ
朝飯,アサメシ
朝夕,アサユウ
あし,アシ
足,アシ
足音,アシオト
あした,アシタ
明日,アシタ
足拍子,アシビョウシ
足踏み,アシブミ
足元,アシモト
味,アジ
あす,アス
あすこ,アスコ
汗,アセ
あそこ,アソコ
遊び,アソビ
あたし,アタシ
頭,アタマ
辺,アタリ
辺り,アタリ
当り前,アタリマエ
あだな,アダナ
渾名,アダナ
あちら,アチラ
悪漢,アッカン
あっけ,アッケ
あっち,アッチ
厚,アツ
誂,アツラエ
あて,アテ
宛,アテ
あと,アト
穴,アナ
あなた,アナタ
兄,アニ
油,アブラ
膏,アブラ
油絵,アブラエ
あべこべ,アベコベ
甘茶,アマチャ
雨戸,アマド
天の川,アマノガワ
あまり,アマリ
飴,アメ
歩,アユミ
洗い,アライ
荒肝,アラギモ
有様,アリサマ
あれ,アレ
合せ,アワセ
袷,アワセ
憐れ,アワレ
案,アン
安閑,アンカン
安心,アンシン
あんた,アンタ
案内,アンナイ
い,イ
意,イ
胃,イ
居合,イアイ
いい加減,イイカゲン
好い加減,イイカゲン
飯前,イイサキ
許嫁,イイナズケ
言訳,イイワケ
家,イエ
いか,イカ
イカ,イカ
いかが,イカガ
威嚇,イカク
いかさま,イカサマ
怒り,イカリ
錨,イカリ
いかん,イカン
以外,イガイ
毬栗,イガグリ
息,イキ
行き,イキ
生き物,イキモノ
生霊,イキリョウ
異議,イギ
幾,イク
意気地,イクジ
いくら,イクラ
生垣,イケガキ
活花,イケバナ
意見,イケン
委細,イサイ
勇み肌,イサミハダ
石,イシ
石橋,イシバシ
意趣,イシュ
威信,イシン
意地,イジ
以上,イジョウ
異状,イジョウ
椅子,イス
いずれ,イズレ
威勢,イセイ
異説,イセツ
以前,イゼン
磯,イソ
居候,イソウロウ
急ぎ足,イソギアシ
いた事,イタコト
致し方,イタシカタ
いたずら,イタズラ
悪戯,イタズラ
頂,イタダキ
板の間,イタノマ
至り,イタリ
一,イチ
位置,イチ
壱,イチ
一月,イチガツ
一座,イチザ
一巡,イチジュン
一同,イチドウ
一番,イチバン
一番槍,イチバンヤリ
一部始終,イチブシジュウ
一味徒党,イチミトトウ
一夜作り,イチヤヅクリ
一貫,イッカン
一間,イッケン
一行,イッコウ
一散,イッサン
一室,イッシツ
一週,イッシュウ
いっしょ,イッショ
一所,イッショ
一生,イッショウ
一生懸命,イッショウケンメイ
一身上,イッシンジョウ
一銭,イッセン
一体,イッタイ
一朝一夕,イッチョウイッセキ
一等,イットウ
一般,イッパン
いつ,イツ
いつか,イツカ
五つ,イツツ
糸,イト
井戸,イド
井戸端,イドバタ
否,イナ
以内,イナイ
田舎,イナカ
イナゴ,イナゴ
稲光,イナビカリ
否や,イナヤ
犬,イヌ
稲,イネ
いの一番,イノイチバン
命,イノチ
今,イマ
今一,イマイチ
今頃,イマゴロ
今時分,イマジブン
今時,イマドキ
伊万里,イマリ
意味,イミ
異名,イミョウ
厳,イム
いも,イモ
芋,イモ
いや,イヤ
厭,イヤ
厭味,イヤミ
以来,イライ
依頼,イライ
入,イリ
入り,イリ
入口,イリグチ
威力,イリョク
色,イロ
いろいろ,イロイロ
色鉛筆,イロエンピツ
色男,イロオトコ
色つや,イロツヤ
岩,イワ
員,イン
因,イン
院,イン
隠居,インキョ
慇懃,インギン
咽喉,インコウ
印材,インザイ
飲食,インショク
引率,インソツ
インターネット,インターネット
因縁,インネン
上,ウエ
植,ウエ
植木,ウエキ
植木鉢,ウエキバチ
伺い,ウカガイ
受持,ウケモチ
動き,ウゴキ
うし,ウシ
後ろ,ウシロ
後鉢巻,ウシロハチマキ
薄,ウス
薄っぺら,ウスッペラ
うそ,ウソ
嘘,ウソ
嘘つき,ウソツキ
唄,ウタ
歌,ウタ
謡,ウタイ
うち,ウチ
内,ウチ
内々,ウチウチ
腕,ウデ
腕組,ウデグミ
腕まくり,ウデマクリ
饂飩,ウドン
生まれ,ウマレ
生れ,ウマレ
海,ウミ
膿,ウミ
裏,ウラ
裏表,ウラオモテ
裏手,ウラテ
裏町,ウラマチ
恨み,ウラミ
麗,ウララ
売,ウリ
上前,ウワマエ
云,ウン
運,ウン
雲泥の差,ウンデイノサ
運動,ウンドウ
影響,エイキョウ
英語,エイゴ
叡山,エイザン
栄進,エイシン
衛生,エイセイ
営養,エイヨウ
栄耀,エイヨウ
回向,エコウ
餌,エサ
絵師,エシ
会釈,エシャク
枝,エダ
越後,エチゴ
越中褌,エッチュウフンドシ
江戸,エド
江戸前,エドマエ
胡,エビス
絵筆,エフデ
衛門,エモン
円,エン
縁,エン
縁故,エンコ
遠征,エンセイ
演説,エンゼツ
遠足,エンソク
縁日,エンニチ
鉛筆,エンピツ
遠方,エンポウ
円満,エンマン
遠慮,エンリョ
お,オ
尾,オ
おい,オイ
甥,オイ
おいで,オイデ
お出で,オイデ
横風,オウフウ
往来,オウライ
御会式,オエシキ
大当り,オオアタリ
大分,オオイタ
大方,オオカタ
大騒ぎ,オオサワギ
大空,オオゾラ
大手町,オオテマチ
大通り,オオドオリ
大振り,オオブリ
大町,オオマチ
大森,オオモリ
公,オオヤケ
岡,オカ
お母さん,オカアサン
お蔭,オカゲ
お陰,オカゲ
お蔭様,オカゲサマ
岡っ引き,オカッピキ
お金,オカネ
小川,オガワ
お気,オキ
沖,オキ
起き抜け,オキヌケ
お客,オキャク
奥,オク
奥さま,オクサマ
奥さん,オクサン
臆病,オクビョウ
奥行,オクユキ
小倉,オグラ
お座敷,オザシキ
圧し,オシ
教え,オシエ
おしまい,オシマイ
押問答,オシモンドウ
お爺さん,オジイサン
お辞儀,オジギ
お嬢さん,オジョウサン
お世話,オセワ
お宅,オタク
穏やか,オダヤカ
お談義,オダンギ
落ち,オチ
落度,オチド
お茶,オチャ
おっかさん,オッカサン
乙,オツ
お寺,オテラ
お転婆,オテンバ
音,オト
お父さん,オトウサン
弟,オトウト
男,オトコ
一昨日,オトトイ
驚,オドロキ
お腹,オナカ
鬼瓦,オニガワラ
お話,オハナシ
お話し,オハナシ
お婆さん,オバアサン
帯,オビ
小日向,オビナタ
お袋,オフクロ
覚え,オボエ
お前,オマエ
お松,オマツ
お祭り,オマツリ
思い,オモイ
思い切り,オモイキリ
面白,オモシロ
表向き,オモテムキ
重み,オモミ
趣,オモムキ
お貰い,オモライ
親,オヤ
親方,オヤカタ
親子,オヤコ
おやじ,オヤジ
親父,オヤジ
親不孝,オヤフコウ
親譲り,オヤユズリ
親指,オヤユビ
お湯,オユ
折戸,オリド
おれ,オレ
俺,オレ
折合,オレアイ
お礼,オレイ
愚か,オロカ
終,オワリ
終り,オワリ
恩,オン
音,オン
遠国,オンゴク
温順,オンジュン
温泉,オンセン
女,オンナ
女形,オンナガタ
穏便,オンビン
温良,オンリョウ
下,カ
化,カ
可,カ
家,カ
蚊,カ
過,カ
母さん,カアサン
かい,カイ
会,カイ
甲斐,カイ
界,カイ
階,カイ
開会,カイカイ
会議,カイギ
開業,カイギョウ
会見,カイケン
会社,カイシャ
解釈,カイシャク
会場,カイジョウ
懐中,カイチュウ
廻転,カイテン
海浜,カイヒン
怪物,カイブツ
快楽,カイラク
楓,カエデ
帰り,カエリ
帰りがけ,カエリガケ
蛙,カエル
顔,カオ
顔色,カオイロ
家屋,カオク
顔つき,カオツキ
踵,カカト
鏡,カガミ
垣,カキ
垣根,カキネ
課業,カギョウ
かぎり,カギリ
限り,カギリ
格,カク
角,カク
覚悟,カクゴ
隠し芸,カクシゲイ
格別,カクベツ
角屋,カクヤ
隠れ,カクレ
神楽,カグラ
神楽坂,カグラザカ
掛,カケ
掛声,カケゴエ
掛物,カケモノ
影,カゲ
蔭,カゲ
陰,カゲ
ヶ月,カゲツ
花月,カゲツ
影法師,カゲボウシ
加減,カゲン
囲い,カコイ
傘,カサ
華山,カザン
菓子,カシ
貸し,カシ
かしこ,カシコ
過失,カシツ
カ所,カショ
ヶ所,カショ
箇所,カショ
かしら,カシラ
柏寺,カシワデラ
火事,カジ
鍛冶屋,カジヤ
ヶ条,カジョウ
数,カズ
葛,カズラ
加勢,カセイ
風,カゼ
風邪,カゼ
下層,カソウ
方,カタ
片,カタ
肩,カタ
片仮名,カタカナ
かたがた,カタガタ
方々,カタガタ
かたち,カタチ
刀,カタナ
塊,カタマリ
語,カタリ
価値,カチ
勝,カチ
勝ち,カチ
花鳥,カチョウ
活気,カッキ
活計,カッケイ
恰好,カッコウ
勝手,カッテ
勝手次第,カッテシダイ
活版,カッパン
かっぽ,カッポ
鰹,カツオ
活眼,カツガン
活字,カツジ
仮定,カテイ
家庭,カテイ
下等,カトウ
門口,カドグチ
かね,カネ
蒲,カバ
鞄,カバン
株,カブ
甲,カブト
壁,カベ
壁際,カベギワ
鎌倉,カマクラ
蒲鉾,カマボコ
かみさん,カミサン
上山,カミノヤマ
髪結床,カミユイドコ
加盟,カメイ
蚊帳,カヤ
通,カヨイ
辛,カラシ
烏,カラス
体,カラダ
仮り,カリ
借り,カリ
刈,カリ
軽石,カルイシ
彼,カレ
彼等,カレラ
家老,カロウ
川,カワ
皮,カワ
革,カワ
河合,カワイ
可哀想,カワイソウ
為替,カワセ
川村,カワムラ
瓦,カワラ
代り,カワリ
変り,カワリ
勘,カン
燗,カン
疳,カン
癇,カン
肝,カン
間,カン
館,カン
感化,カンカ
間隔,カンカク
考え,カンガエ
考え物,カンガエモノ
漢学,カンガク
喚起,カンキ
関係,カンケイ
歓迎,カンゲイ
漢語,カンゴ
感謝,カンシャ
感心,カンシン
幹事,カンジ
感じ,カンジ
勘定,カンジョウ
かんじん,カンジン
閑静,カンセイ
関節,カンセツ
款待,カンタイ
勘太郎,カンタロウ
簡単,カンタン
神田,カンダ
寛大,カンダイ
寒暖計,カンダンケイ
監督,カントク
勘当,カンドウ
観念,カンネン
観音,カンノン
看板,カンバン
看病,カンビョウ
干瓢,カンピョウ
奸物,カンブツ
勘弁,カンベン
簡便,カンベン
感銘,カンメイ
勧誘,カンユウ
寛容,カンヨウ
画,ガ
害,ガイ
買,ガイ
外出,ガイシュツ
剴切,ガイセツ
外聞,ガイブン
返し,ガエシ
顔,ガオ
瓦解,ガカイ
がき,ガキ
書き,ガキ
学,ガク
額,ガク
学士,ガクシ
学資,ガクシ
学問,ガクモン
がけ,ガケ
瓦斯,ガス
がた,ガタ
学校,ガッコウ
合併,ガッペイ
合点,ガテン
構え,ガマエ
蝦蟇口,ガマグチ
我慢,ガマン
がらがら,ガラガラ
硝子,ガラス
側,ガワ
がん,ガン
頑固,ガンコ
元来,ガンライ
奇,キ
木,キ
気,キ
黄,キ
紀伊,キイ
黄色,キイロ
幾何,キカ
機会,キカイ
利目,キキメ
危惧,キグ
危険,キケン
機嫌,キゲン
気候,キコウ
貴様,キサマ
岸,キシ
汽車,キシャ
寄宿,キシュク
寄宿舎,キシュクシャ
気性,キショウ
記事,キジ
鬼神,キジン
傷,キズ
汽船,キセン
規則,キソク
毀損,キソン
きた,キタ
北,キタ
北側,キタガワ
気狂い,キチガイ
気違い,キチガイ
切符,キップ
狐,キツネ
詰問,キツモン
気遣い,キヅカイ
汽笛,キテキ
気長,キナガ
絹,キヌ
きのう,キノウ
昨日,キノウ
気の毒,キノドク
気風,キフウ
希望,キボウ
極り,キマリ
きみ,キミ
君,キミ
気味,キミ
金,キム
着物,キモノ
客,キャク
脚,キャク
華奢,キャシャ
九,キュウ
急,キュウ
級,キュウ
給,キュウ
窮屈,キュウクツ
九州,キュウシュウ
急所,キュウショ
給仕,キュウジ
居,キョ
今日,キョウ
供,キョウ
狂,キョウ
教育,キョウイク
教員,キョウイン
恐悦,キョウエツ
教師,キョウシ
教室,キョウシツ
恐縮,キョウシュク
教授,キョウジュ
教場,キョウジョウ
矯正,キョウセイ
兄弟分,キョウダイブン
教頭,キョウトウ
郷里,キョウリ
虚偽,キョギ
局,キョク
極,キョク
許諾,キョダク
去年,キョネン
距離,キョリ
きょろきょろ,キョロキョロ
清,キヨシ
嫌い,キライ
気楽,キラク
切り下げ,キリサゲ
規律,キリツ
起立,キリツ
切り身,キリミ
切れ,キレ
奇麗,キレイ
帰路,キロ
金,キン
金側,キンガワ
金魚,キンギョ
禁錮,キンコ
近所,キンジョ
禁足,キンソク
巾着切,キンチャクキリ
謹聴,キンチョウ
謹直,キンチョク
金鍔,キンツバ
金時,キントキ
近辺,キンペン
近来,キンライ
儀,ギ
技手,ギシュ
ぎそう,ギソウ
義太夫,ギダユウ
偽筆,ギヒツ
義務,ギム
逆,ギャク
牛肉,ギュウニク
牛乳,ギュウニュウ
仰山,ギョウサン
仰天,ギョウテン
漁村,ギョソン
切り,ギリ
義理,ギリ
義理立て,ギリダテ
妓楼,ギロウ
議論,ギロン
銀,ギン
銀貨,ギンカ
銀行,ギンコウ
句,ク
苦,ク
食い物,クイモノ
空中,クウチュウ
括り枕,ククリマクラ
草,クサ
くさび,クサビ
鎖,クサリ
くし,クシ
苦情,クジョウ
薬,クスリ
薬師,クズシ
癖,クセ
曲者,クセモノ
糞,クソ
下り,クダリ
行,クダリ
口,クチ
口癖,クチグセ
口取,クチトリ
屈伏,クップク
靴,クツ
区点,クテン
句読,クトウ
国,クニ
首,クビ
工夫,クフウ
区別,クベツ
組,クミ
雲,クモ
くら,クラ
暮し向き,クラシムキ
比べ,クラベ
比べ物,クラベモノ
栗,クリ
車,クルマ
車屋,クルマヤ
暮,クレ
黒,クロ
苦労,クロウ
黒白,クロシロ
君,クン
君子,クンシ
具,グ
愚,グ
具合,グアイ
偶然,グウゼン
愚図,グズ
ぐち,グチ
口,グチ
ぐる,グル
ぐるみ,グルミ
愚弄,グロウ
軍,グン
軍歌,グンカ
兄,ケイ
計,ケイ
軽,ケイ
敬愛,ケイアイ
計画,ケイカク
景気,ケイキ
経験,ケイケン
稽古,ケイコ
警察,ケイサツ
形式,ケイシキ
系図,ケイズ
軽躁,ケイソウ
境内,ケイダイ
軽薄,ケイハク
刑罰,ケイバツ
軽侮,ケイブ
軽蔑,ケイベツ
形容,ケイヨウ
鶏卵,ケイラン
計略,ケイリャク
怪我,ケガ
けさ,ケサ
今朝,ケサ
景色,ケシキ
毛繻子,ケジュス
けた,ケタ
けち,ケチ
けちん坊,ケチンボウ
結果,ケッカ
血気,ケッキ
欠勤,ケッキン
結構,ケッコウ
結婚,ケッコン
決心,ケッシン
欠席,ケッセキ
決戦,ケッセン
ケット,ケット
潔白,ケッパク
欠,ケツ
決断,ケツダン
烟,ケムリ
件,ケン
兼,ケン
建,ケン
権,ケン
県,ケン
間,ケン
険,ケン
験,ケン
喧嘩,ケンカ
検査,ケンサ
献酬,ケンシュウ
謙遜,ケンソン
建築,ケンチク
県庁,ケンチョウ
見当,ケントウ
剣呑,ケンノン
剣舞,ケンブ
見物,ケンブツ
検分,ケンブン
権幕,ケンマク
倹約,ケンヤク
権利,ケンリ
げ,ゲ
芸,ゲイ
芸者,ゲイシャ
芸当,ゲイトウ
芸人,ゲイニン
華山,ゲサン
下宿,ゲシュク
下女,ゲジョ
げた,ゲタ
下駄,ゲタ
月給,ゲッキュウ
下品,ゲヒン
下劣,ゲレツ
げろ,ゲロ
源,ゲン
言,ゲン
玄関,ゲンカン
元気,ゲンキ
原稿,ゲンコウ
拳骨,ゲンコツ
言語,ゲンゴ
現象,ゲンショウ
厳重,ゲンジュウ
現場,ゲンバ
厳罰,ゲンバツ
こ,コ
呼,コ
子,コ
粉,コ
鯉,コイ
濃い茶,コイチャ
こいつ,コイツ
候,コウ
向,コウ
好,コウ
幸,コウ
校,コウ
行,コウ
香,コウ
高,コウ
厚意,コウイ
好意,コウイ
行為,コウイ
後裔,コウエイ
公園,コウエン
後架,コウカ
公開,コウカイ
後悔,コウカイ
口外,コウガイ
後学,コウガク
好逑,コウキュウ
抗議,コウギ
講義,コウギ
香具師,コウグシ
肯綮,コウケイ
攻撃,コウゲキ
公言,コウゲン
広告,コウコク
交際,コウサイ
降参,コウサン
格子,コウシ
講釈,コウシャク
高尚,コウショウ
紅色,コウショク
行進,コウシン
麹,コウジ
好人物,コウジンブツ
香水,コウスイ
後世,コウセイ
校正,コウセイ
高知,コウチ
校長,コウチョウ
後任,コウニン
紅梅,コウバイ
公平,コウヘイ
神戸,コウベ
高慢ちき,コウマンチキ
巧妙,コウミョウ
小梅,コウメ
蝙蝠傘,コウモリガサ
高利貸,コウリカシ
後列,コウレツ
声,コエ
氷水,コオリミズ
古賀,コガ
呼吸,コキュウ
故郷,コキョウ
黒人,コクジン
黒点,コクテン
黒板,コクバン
告別,コクベツ
小倉,コクラ
ここ,ココ
ここいら,ココイラ
ここら,ココラ
心,ココロ
心当り,ココロアタリ
心得顔,ココロエガオ
心持ち,ココロモチ
小声,コゴエ
小言,コゴト
胡坐,コザ
腰,コシ
輿,コシ
個人,コジン
鼓吹,コスイ
コスメチック,コスメチック
こせこせ,コセコセ
姑息,コソク
小僧,コゾウ
答,コタエ
こちら,コチラ
国旗,コッキ
こっち,コッチ
骨董,コットウ
小使,コヅカイ
小遣,コヅカイ
小遣い,コヅカイ
小作り,コヅクリ
こと,コト
事,コト
言,コト
事柄,コトガラ
今年,コトシ
言葉,コトバ
子供,コドモ
小人,コドモ
こないだ,コナイダ
この間,コノカン
木の下,コノシタ
琥珀,コハク
古風,コフウ
瘤,コブ
拳,コブシ
駒,コマ
駒下駄,コマゲタ
小間物,コマモノ
込,コミ
懲り懲り,コリゴリ
これ,コレ
これしき,コレシキ
頃,コロ
小脇,コワキ
こん,コン
今,コン
今回,コンカイ
今月,コンゲツ
根性,コンジョウ
今度,コンド
今日様,コンニチサマ
蒟蒻版,コンニャクバン
今晩,コンバン
今般,コンパン
今夜,コンヤ
コート,コート
ご,ゴ
五,ゴ
後,ゴ
御,ゴ
号,ゴウ
豪傑,ゴウケツ
強情,ゴウジョウ
豪胆,ゴウタン
号令,ゴウレイ
語学,ゴガク
ご苦労,ゴクロウ
午後,ゴゴ
蓙,ゴザ
後生,ゴショウ
五拾,ゴジッ
五重の塔,ゴジュウノトウ
ご存知,ゴゾンジ
ご馳走,ゴチソウ
御殿,ゴテン
ごと,ゴト
事,ゴト
午砲,ゴホウ
胡麻塩,ゴマシオ
護謨,ゴム
ご免,ゴメン
ご用,ゴヨウ
娯楽,ゴラク
ご覧,ゴラン
頃,ゴロ
ごろごろ,ゴロゴロ
さ,サ
さい,サイ
歳,サイ
際,サイ
菜園,サイエン
際限,サイゲン
最初,サイショ
最前,サイゼン
催促,サイソク
最中,サイチュウ
災難,サイナン
裁判,サイバン
裁判所,サイバンショ
財布,サイフ
竿,サオ
盃,サカズキ
肴,サカナ
魚,サカナ
相良,サガラ
さき,サキ
先,サキ
先ほど,サキホド
詐欺,サギ
作,サク
策,サク
作成,サクセイ
作品,サクヒン
昨夜,サクヤ
策略,サクリャク
酒,サケ
笹,ササ
さし,サシ
指金,サシガネ
差支え,サシツカエ
刺身,サシミ
誘い,サソイ
沙汰,サタ
察,サッ
さっき,サッキ
刷,サツ
札,サツ
薩摩芋,サツマイモ
里,サト
砂糖,サトウ
覚,サトシ
絛虫,サナダムシ
さま,サマ
サマ,サマ
様,サマ
左右,サユウ
皿,サラ
猿,サル
申,サル
騒ぎ,サワギ
さん,サン
三,サン
産,サン
参考,サンコウ
散々,サンザン
三時,サンジ
算術,サンジュツ
賛成,サンセイ
三太郎,サンタロウ
散歩,サンポ
山門,サンモン
参列,サンレツ
座,ザ
在校,ザイコウ
財産,ザイサン
在来,ザイライ
坂,ザカ
ざくろ口,ザクログチ
座敷,ザシキ
雑誌,ザッシ
雑費,ザッピ
雑談,ザツダン
ざま,ザマ
慚愧,ザンキ
残念,ザンネン
使,シ
士,シ
師,シ
死,シ
氏,シ
仕合,シアイ
仕合せ,シアワセ
仕打,シウチ
汐,シオ
潮風,シオカゼ
潮水,シオミズ
資格,シカク
仕掛,シカケ
仕掛け,シカケ
仕方,シカタ
死骸,シガイ
四月,シガツ
式,シキ
指揮,シキ
敷,シキ
敷石,シキイシ
敷島,シキシマ
始業,シギョウ
仕草,シグサ
成雄,シゲオ
茂作,シゲサク
四国,シコク
私語,シゴ
至極,シゴク
仕事,シゴト
仔細,シサイ
静か,シズカ
姿勢,シセイ
自然,シゼン
使嗾,シソウ
紙燭,シソク
士族,シゾク
下,シタ
舌,シタ
支度,シタク
したて,シタテ
次第,シダイ
質屋,シチヤ
失敬,シッケイ
失策,シッサク
失体,シッタイ
失敗,シッパイ
室,シツ
失言,シツゲン
失念,シツネン
失望,シツボウ
質問,シツモン
失礼,シツレイ
指定,シテイ
支店,シテン
至当,シトウ
品切れ,シナギレ
忍び,シノビ
師範,シハン
芝,シバ
芝居,シバイ
師表,シヒョウ
四方,シホウ
資本,シホン
島,シマ
縞,シマ
始末,シマツ
者,シャ
車,シャ
社会,シャカイ
尺,シャク
癪,シャク
酌,シャク
癪持ち,シャクモチ
謝罪,シャザイ
写真,シャシン
写生,シャセイ
シャツ,シャツ
娑婆,シャバ
車夫,シャフ
三味線,シャミセン
車力,シャリキ
手,シュ
主意,シュイ
周,シュウ
周囲,シュウイ
習慣,シュウカン
週間,シュウカン
主従,シュウジュウ
修正,シュウセイ
周旋,シュウセン
手巾,シュキン
修行,シュギョウ
粛粛,シュクシュク
祝勝,シュクショウ
淑女,シュクジョ
宿直,シュクチョク
宿料,シュクリョウ
手燭,シュショク
主人,シュジン
主人公,シュジンコウ
手段,シュダン
主張,シュチョウ
出血,シュッケツ
出精,シュッセイ
出席,シュッセキ
出立,シュッタツ
出頭,シュットウ
出帆,シュッパン
出,シュツ
出入,シュツニュウ
出ろ,シュツロ
主任,シュニン
主筆,シュヒツ
手腕,シュワン
所,ショ
書,ショ
諸,ショ
所為,ショイ
商,ショウ
小,ショウ
焼,ショウ
相,ショウ
省,ショウ
賞,ショウ
紹介,ショウカイ
生涯,ショウガイ
小学校,ショウガッコウ
正月,ショウガツ
正気,ショウキ
将棋,ショウギ
商業,ショウギョウ
証拠,ショウコ
障子,ショウジ
正直,ショウジキ
小生,ショウセイ
笑声,ショウセイ
正体,ショウタイ
承知,ショウチ
衝突,ショウトツ
商人,ショウニン
少年,ショウネン
商売,ショウバイ
性分,ショウブン
証明,ショウメイ
正面,ショウメン
将来,ショウライ
焦慮,ショウリョ
奨励,ショウレイ
昭和,ショウワ
書家,ショカ
書画,ショガ
書記,ショキ
職,ショク
色,ショク
職員,ショクイン
食堂,ショクドウ
諸君,ショクン
処決,ショケツ
所作,ショサ
初秋,ショシュウ
書生,ショセイ
処置,ショチ
署長,ショチョウ
初手,ショテ
所得,ショトク
処分,ショブン
諸方,ショホウ
書物,ショモツ
所有,ショユウ
しよう,シヨウ
仕様,シヨウ
使用,シヨウ
しら,シラ
知らせ,シラセ
知らん顔,シランカオ
尻,シリ
尻込み,シリゴミ
私立,シリツ
汁,シル
汁粉,シルコ
印,シルシ
白,シロ
素人,シロウト
皺,シワ
心,シン
清,シン
親,シン
神経,シンケイ
神経質,シンケイシツ
進行,シンコウ
新参,シンザン
寝室,シンシツ
斟酌,シンシャク
心中,シンジュウ
親切,シンセツ
真相,シンソウ
真率,シンソツ
身体,シンタイ
新体詩,シンタイシ
新築,シンチク
新調,シンチョウ
身長,シンチョウ
新任,シンニン
新橋,シンバシ
心配,シンパイ
新聞,シンブン
心棒,シンボウ
親身,シンミ
信用,シンヨウ
信頼,シンライ
新来,シンライ
親類,シンルイ
字,ジ
持,ジ
時,ジ
自,ジ
辞,ジ
爺さん,ジイサン
直,ジカ
時間,ジカン
じき,ジキ
時機,ジキ
事件,ジケン
事故,ジコ
辞職,ジショク
自身,ジシン
事実,ジジツ
事情,ジジョウ
自席,ジセキ
時節,ジセツ
時代,ジダイ
実,ジツ
実業,ジツギョウ
自転車,ジテンシャ
自伝,ジデン
時半,ジハン
辞表,ジヒョウ
字引,ジビキ
持病,ジビョウ
時分,ジブン
自分,ジブン
自分勝手,ジブンガッテ
自慢,ジマン
事務,ジム
地面,ジメン
弱,ジャク
邪推,ジャスイ
邪魔,ジャマ
じゅう,ジュウ
十,ジュウ
重,ジュウ
重々,ジュウジュウ
柔術,ジュウジュツ
従前,ジュウゼン
重大,ジュウダイ
充分,ジュウブン
十分,ジュウブン
縦覧,ジュウラン
授業,ジュギョウ
熟,ジュク
熟練,ジュクレン
豎子,ジュシ
術,ジュツ
順,ジュン
巡査,ジュンサ
順々,ジュンジュン
純粋,ジュンスイ
順当,ジュントウ
淳朴,ジュンボク
順良,ジュンリョウ
自由,ジユウ
自由自在,ジユウジザイ
上,ジョウ
場,ジョウ
情,ジョウ
条,ジョウ
畳,ジョウ
錠,ジョウ
城下,ジョウカ
上下,ジョウゲ
常識,ジョウシキ
情実,ジョウジツ
上手,ジョウズ
饒舌,ジョウゼツ
上層,ジョウソウ
状態,ジョウタイ
上代,ジョウダイ
冗談,ジョウダン
上等,ジョウトウ
場内,ジョウナイ
上品,ジョウヒン
丈夫,ジョウブ
上部,ジョウブ
情報,ジョウホウ
錠前,ジョウマエ
城屋,ジョウヤ
剰余,ジョウヨ
条理,ジョウリ
上流,ジョウリュウ
女子,ジョシ
女中,ジョチュウ
辞令,ジレイ
人,ジン
人家,ジンカ
尋常,ジンジョウ
迅速,ジンソク
陣羽織,ジンバオリ
人物,ジンブツ
人望,ジンボウ
尽力,ジンリョク
す,ス
推察,スイサツ
水晶,スイショウ
衰弱,スイジャク
水底,スイテイ
数学,スウガク
数奇,スウキ
すか,スカ
姿,スガタ
すき,スキ
好き,スキ
透き,スキ
好き嫌い,スキキライ
透綾,スキヤ
杉,スギ
過ぎ,スギ
宿世,スクセ
筋,スジ
煤,スス
鈴,スズ
硯,スズリ
鼈,スッポン
素敵,ステキ
ステッキ,ステッキ
素通り,スドオリ
砂,スナ
素肌,スハダ
澄し,スマシ
墨,スミ
済,スミ
隅,スミ
住田,スミタ
角屋,スミヤ
相撲,スモウ
相撲取,スモウトリ
寸,スン
随意,ズイイ
随行,ズイコウ
随分,ズイブン
頭巾,ズキン
ずく,ズク
ずたずた,ズタズタ
ズック,ズック
ずぼら,ズボラ
ズボン,ズボン
背,セ
せい,セイ
姓,セイ
性,セイ
生,セイ
製,セイ
世紀,セイキ
性急,セイキュウ
正義,セイギ
成功,セイコウ
正誤,セイゴ
制裁,セイサイ
制作,セイサク
静粛,セイシュク
清書,セイショ
精神,セイシン
聖人,セイジン
成績,セイセキ
製造,セイゾウ
盛大,セイダイ
生徒,セイト
制服,セイフク
姓名,セイメイ
西洋,セイヨウ
成立,セイリツ
勢力,セイリョク
清和,セイワ
世界,セカイ
倅,セガレ
席,セキ
石,セキ
昔時,セキジ
席順,セキジュン
席上,セキジョウ
責任,セキニン
関の戸,セキノト
咳払い,セキバライ
席末,セキマツ
赤面,セキメン
世間,セケン
世間体,セケンテイ
世辞,セジ
せっかち,セッカチ
説教,セッキョウ
殺生,セッショウ
雪踏,セッタ
説,セツ
説明,セツメイ
説諭,セツユ
瀬戸,セト
瀬戸物,セトモノ
背戸,セド
背中,セナカ
責,セメ
芹川,セリカワ
世話,セワ
千,セン
線,セン
銭,セン
線香,センコウ
扇子,センス
先生,センセイ
戦争,センソウ
先祖,センゾ
洗濯,センタク
先だって,センダッテ
先達て,センダッテ
煽動,センドウ
船頭,センドウ
羨望,センボウ
先方,センポウ
先鋒,センポウ
専門,センモン
先夜,センヤ
占領,センリョウ
是,ゼ
勢,ゼイ
税,ゼイ
贅沢,ゼイタク
絶,ゼッ
絶景,ゼッケイ
絶交,ゼッコウ
銭,ゼニ
是非,ゼヒ
前,ゼン
膳,ゼン
善悪,ゼンアク
全校,ゼンコウ
全国,ゼンコク
前後,ゼンゴ
善後,ゼンゴ
全市,ゼンシ
全集,ゼンシュウ
禅宗,ゼンシュウ
前日,ゼンジツ
全速力,ゼンソクリョク
全体,ゼンタイ
前代未聞,ゼンダイミモン
前途,ゼント
前任,ゼンニン
善人,ゼンニン
前方,ゼンポウ
善良,ゼンリョウ
前列,ゼンレツ
そ,ソ
そいつ,ソイツ
そう,ソウ
僧,ソウ
奏,ソウ
相違,ソウイ
相応,ソウオウ
そうこう,ソウコウ
創痕,ソウコン
葬式,ソウシキ
掃除,ソウジ
漱石,ソウセキ
そうそう,ソウソウ
想像,ソウゾウ
相続,ソウゾク
総代,ソウダイ
相談,ソウダン
総長,ソウチョウ
掃蕩,ソウトウ
相当,ソウトウ
騒動,ソウドウ
相場,ソウバ
送別,ソウベツ
双方,ソウホウ
足,ソク
即座,ソクザ
即席,ソクセキ
速度,ソクド
側面,ソクメン
即夜,ソクヤ
そこ,ソコ
底,ソコ
帥,ソチ
そっち,ソッチ
卒中,ソッチュウ
率直,ソッチョク
そつ,ソツ
卒業,ソツギョウ
卒業生,ソツギョウセイ
袖,ソデ
外,ソト
その後,ソノゴ
その他,ソノタ
そば,ソバ
蕎麦,ソバ
蕎麦湯,ソバユ
粗暴,ソボウ
粗末,ソマツ
空,ソラ
そりゃ,ソリャ
それ,ソレ
それぞれ,ソレゾレ
揃い,ソロイ
そん,ソン
損,ソン
損害,ソンガイ
増給,ゾウキュウ
増長,ゾウチョウ
雑煮,ゾウニ
雑兵,ゾウヒョウ
増俸,ゾウホウ
続,ゾク
存知,ゾンチ
他,タ
多,タ
たい,タイ
鯛,タイ
大概,タイガイ
退却,タイキャク
退去,タイキョ
退屈,タイクツ
待遇,タイグウ
太鼓,タイコ
退校,タイコウ
隊伍,タイゴ
大将,タイショウ
退治,タイジ
大勢,タイセイ
大切,タイセツ
体操,タイソウ
大抵,タイテイ
大病,タイビョウ
大変,タイヘン
体面,タイメン
平,タイラ
沢庵,タクアン
たくさん,タクサン
巧,タクミ
巧み,タクミ
竹,タケ
他国,タコク
たしか,タシカ
畳,タタミ
ただ,タダ
多田,タダ
ただ今,タダイマ
多田満仲,タダノマンジュウ
たち,タチ
達,タチ
達者,タッシャ
竪,タテ
棚,タナ
他人,タニン
多人数,タニンズウ
狸,タヌキ
種,タネ
楽しみ,タノシミ
烟草,タバコ
たび,タビ
度,タビ
足袋,タビ
たま,タマ
珠,タマ
たまえ,タマエ
環,タマキ
卵,タマゴ
玉子,タマゴ
魂,タマシイ
ため,タメ
溜息,タメイキ
試し,タメシ
袂,タモト
たより,タヨリ
便り,タヨリ
頼り,タヨリ
多良,タラ
たれ,タレ
垂れ,タレ
たん,タン
単簡,タンカン
端渓,タンケイ
単語,タンゴ
短冊,タンザク
単純,タンジュン
探偵,タンテイ
単独,タンドク
淡泊,タンパク
たんび,タンビ
田圃,タンボ
胆力,タンリョク
ターナー,ターナー
打,ダ
だい,ダイ
代,ダイ
大,ダイ
太神楽,ダイカグラ
大学,ダイガク
大嫌い,ダイキライ
大工,ダイク
大事,ダイジ
大丈夫,ダイジョウブ
代数,ダイスウ
大好き,ダイスキ
大体,ダイタイ
代々,ダイダイ
大同小異,ダイドウショウイ
台所,ダイドコロ
大の字,ダイノジ
代筆,ダイヒツ
大仏,ダイブツ
ダイヤモンド,ダイヤモンド
代理,ダイリ
岳,ダケ
打撃,ダゲキ
太宰,ダザイ
出し,ダシ
立て,ダテ
駄目,ダメ
堕落,ダラク
だらけ,ダラケ
だらし,ダラシ
達磨,ダルマ
だれ,ダレ
誰,ダレ
暖,ダン
段,ダン
断言,ダンゲン
断行,ダンコウ
団子,ダンゴ
断食,ダンジキ
旦那,ダンナ
断念,ダンネン
談判,ダンパン
だんまり,ダンマリ
談話,ダンワ
ダーク,ダーク
ダース,ダース
地,チ
血,チ
智慧,チエ
近頃,チカゴロ
力,チカラ
力瘤,チカラコブ
力任せ,チカラマカセ
違い,チガイ
ちく,チク
畜生,チクショウ
筑摩書房,チクマショボウ
竹輪,チクワ
遅刻,チコク
知事,チジ
地図,チズ
乳,チチ
蟄居,チッキョ
地方,チホウ
地名,チメイ
茶,チャ
茶色,チャイロ
着手,チャクシュ
着席,チャクセキ
茶代,チャダイ
ちゃり,チャリ
茶碗,チャワン
ちゃん,チャン
中,チュウ
注,チュウ
虫,チュウ
注意,チュウイ
宙返り,チュウガエリ
中学,チュウガク
中学生,チュウガクセイ
中学校,チュウガッコウ
忠告,チュウコク
中止,チュウシ
中層,チュウソウ
躊躇,チュウチョ
中途,チュウト
中腹,チュウフク
注文,チュウモン
誅戮,チュウリク
丁,チョウ
喋,チョウ
調,チョウ
長,チョウ
懲役,チョウエキ
調子,チョウシ
頂戴,チョウダイ
打擲,チョウチャク
提灯,チョウチン
町内,チョウナイ
帳場,チョウバ
眺望,チョウボウ
帳面,チョウメン
猪口才,チョコザイ
直行,チョッコウ
縮緬,チリメン
珍,チン
珍事,チンジ
珍重,チンチョウ
跛,チンバ
陳列,チンレツ
っきり,ッキリ
っ子,ッコ
追,ツイ
ついで,ツイデ
通じ,ツウジ
杖,ツエ
疲れ,ツカレ
つき,ツキ
付き,ツキ
月,ツキ
月あかり,ツキアカリ
突き当り,ツキアタリ
次,ツギ
机,ツクエ
作りごと,ツクリゴト
つけ,ツケ
付け,ツケ
都合,ツゴウ
辻褄,ツジツマ
筒,ツツ
包,ツツミ
堤,ツツミ
続き,ツヅキ
つて,ツテ
綱,ツナ
常,ツネ
坪,ツボ
壺,ツボ
つま,ツマ
妻,ツマ
爪弾き,ツマビキ
つまり,ツマリ
罪,ツミ
錘,ツム
つもり,ツモリ
艶,ツヤ
剛,ツヨシ
釣,ツリ
釣り,ツリ
釣竿,ツリザオ
釣手,ツリテ
釣堀,ツリボリ
釣瓶,ツルベ
強者,ツワモノ
使い,ヅカイ
付,ヅケ
釣り,ヅリ
手,テ
手合,テアイ
低,テイ
鄭,テイ
帝国,テイコク
帝国ホテル,テイコクホテル
体裁,テイサイ
停車場,テイシャジョウ
亭主,テイシュ
程度,テイド
底本,テイホン
手紙,テガミ
手柄,テガラ
敵,テキ
的,テキ
手際,テギワ
手車,テグルマ
てこ,テコ
手数,テスウ
鉄拳,テッケン
鉄,テツ
手付,テツケ
手続き,テツヅキ
鉄面皮,テツメンピ
徹夜,テツヤ
手蔓,テヅル
手拭,テヌグイ
手の甲,テノコウ
手の平,テノヒラ
掌,テノヒラ
手前,テマエ
手廻し,テマワシ
手持無沙汰,テモチブサタ
寺,テラ
天,テン
店,テン
点,テン
天意,テンイ
天下,テンカ
天気,テンキ
天主,テンシュ
天井,テンジョウ
恬然,テンゼン
天地,テンチ
天誅,テンチュウ
天道,テントウ
顛倒,テントウ
転任,テンニン
天麩羅,テンプラ
顛末,テンマツ
天網,テンモウ
天目,テンモク
展覧,テンラン
テーブル,テーブル
出来,デキ
出来損ない,デキソコナイ
出鱈目,デタラメ
出直し,デナオシ
田楽,デンガク
電車,デンシャ
伝授,デンジュ
伝兵衛,デンベエ
戸,ト
都,ト
とい,トイ
問,トイ
党,トウ
島,トウ
当,トウ
等,トウ
冬瓜,トウガ
当該,トウガイ
陶器,トウキ
東京,トウキョウ
当局,トウキョク
統計,トウケイ
父様,トウサマ
東西,トウザイ
唐人,トウジン
頭数,トウスウ
当地,トウチ
到着,トウチャク
当直,トウチョク
滔々,トウトウ
唐茄子,トウナス
当人,トウニン
踏破,トウハ
豆腐,トウフ
当分,トウブン
唐変木,トウヘンボク
藤間,トウマ
当夜,トウヤ
登用,トウヨウ
逗留,トウリュウ
遠く,トオク
遠廻し,トオマワシ
遠山,トオヤマ
通り,トオリ
咎,トガ
とき,トキ
時,トキ
鬨の声,トキノコエ
とく,トク
得,トク
得意,トクイ
得意気,トクイゲ
得策,トクサク
特別,トクベツ
戸口,トグチ
時計,トケイ
床板,トコイタ
床の間,トコノマ
床柱,トコバシラ
ところ,トコロ
処,トコロ
所,トコロ
所々,トコロドコロ
土佐,トサ
年,トシ
年上,トシウエ
年嵩,トシカサ
図書館,トショカン
年寄,トシヨリ
杜絶,トゼツ
途端,トタン
土地,トチ
途中,トチュウ
徳化,トッカ
徳利,トックリ
特権,トッケン
とっさ,トッサ
隣,トナリ
泊り,トマリ
留め,トメ
とも,トモ
艫,トモ
友達,トモダチ
鳥,トリ
取り消し,トリケシ
取消,トリケシ
取締,トリシマリ
取次,トリツギ
頓着,トンジャク
頓珍漢,トンチンカン
問屋,トンヤ
ど,ド
度,ド
同,ドウ
同意,ドウイ
同級生,ドウキュウセイ
胴着,ドウギ
道具,ドウグ
同行,ドウコウ
同志,ドウシ
童子,ドウジ
同然,ドウゼン
道中,ドウチュウ
胴の間,ドウノマ
同輩,ドウハイ
胴間声,ドウマゴエ
同様,ドウヨウ
道楽,ドウラク
道理,ドウリ
同類,ドウルイ
通,ドオリ
通り,ドオリ
度胸,ドキョウ
毒,ドク
毒気,ドクケ
独立,ドクリツ
どこ,ドコ
どころ,ドコロ
どちら,ドチラ
どっか,ドッカ
どっち,ドッチ
土手,ドテ
どなた,ドナタ
土百姓,ドビャクショウ
度目,ドメ
共,ドモ
どれ,ドレ
泥,ドロ
泥棒,ドロボウ
どん,ドン
名,ナ
内所,ナイショ
ナイフ,ナイフ
直し,ナオシ
名折れ,ナオレ
なか,ナカ
中,ナカ
仲,ナカ
仲直り,ナカナオリ
半,ナカバ
半ば,ナカバ
仲間,ナカマ
仲間外れ,ナカマハズレ
流し,ナガシ
長持ち,ナガモチ
流れ,ナガレ
泣き寝入り,ナキネイリ
なじみ,ナジミ
馴染,ナジミ
謎,ナゾ
夏,ナツ
夏目,ナツメ
夏休み,ナツヤスミ
七,ナナ
斜め,ナナメ
なに,ナニ
何,ナニ
なにがし,ナニガシ
何くれ,ナニクレ
何事,ナニゴト
名乗り,ナノリ
鍋,ナベ
鍋焼,ナベヤキ
生,ナマ
生意気,ナマイキ
名前,ナマエ
鉛,ナマリ
並,ナミ
波,ナミ
浪,ナミ
並木,ナミキ
涙,ナミダ
菜飯,ナメシ
並び,ナラビ
なり,ナリ
縄,ナワ
なん,ナン
何,ナン
難,ナン
難儀,ナンギ
難癖,ナンクセ
難船,ナンセン
何とか,ナントカ
二,ニ
２,ニ
兄さん,ニイサン
二月,ニガツ
賑やか,ニギヤカ
逃げ,ニゲ
逃道,ニゲミチ
にこにこ,ニコニコ
二言,ニゴン
西,ニシ
西側,ニシガワ
西日,ニシビ
贋,ニセ
贋物,ニセモノ
二束三文,ニソクサンモン
日,ニチ
日間,ニチカン
ニッケル,ニッケル
日本,ニッポン
日本人,ニッポンジン
荷作り,ニヅクリ
二の腕,ニノウデ
荷物,ニモツ
入学,ニュウガク
入湯,ニュウトウ
入力,ニュウリョク
女房,ニョウボウ
庭,ニワ
人,ニン
任,ニン
人気,ニンキ
人形,ニンギョウ
人間,ニンゲン
人間並,ニンゲンナミ
人参,ニンジン
人数,ニンズウ
任地,ニンチ
人前,ニンマエ
抜き,ヌキ
抜身,ヌキミ
主,ヌシ
濡衣,ヌレギヌ
根方,ネカタ
猫,ネコ
猫足,ネコアシ
猫被り,ネコカブリ
寝言,ネゴト
寝小便,ネショウベン
鼠,ネズミ
熱心,ネッシン
熱,ネツ
熱度,ネツド
寝巻,ネマキ
眠気,ネムケ
練り,ネリ
年,ネン
念,ネン
年間,ネンカン
年中,ネンジュウ
年来,ネンライ
の,ノ
野,ノ
脳,ノウ
能弁,ノウベン
軒端,ノキバ
覗き,ノゾキ
望み,ノゾミ
のち,ノチ
後,ノチ
延岡,ノベオカ
蚤,ノミ
乗り気,ノリキ
祝詞,ノリト
暖簾,ノレン
呑気,ノンキ
刃,ハ
歯,ハ
葉,ハ
杯,ハイ
肺炎,ハイエン
ハイカラ,ハイカラ
俳句,ハイク
拝見,ハイケン
配達,ハイタツ
配布,ハイフ
はうら,ハウラ
羽織,ハオリ
墓,ハカ
博多,ハカタ
袴,ハカマ
脛,ハギ
萩野,ハギノ
拍,ハク
拍手,ハクシュ
白状,ハクジョウ
博物,ハクブツ
白墨,ハクボク
箱,ハコ
箱根,ハコネ
運び,ハコビ
はさ,ハサ
艀,ハシケ
柱,ハシラ
柱時計,ハシラドケイ
恥,ハジ
端,ハジ
始,ハジメ
始め,ハジメ
源,ハジメ
はず,ハズ
はずれ,ハズレ
はた,ハタ
傍,ハタ
旗,ハタ
畠,ハタケ
旗本,ハタモト
働き,ハタラキ
裸,ハダカ
破談,ハダン
八,ハチ
鉢,ハチ
発行,ハッコウ
発車,ハッシャ
発表,ハッピョウ
溌墨,ハツボク
果,ハテ
花,ハナ
鼻,ハナ
噺,ハナシ
話,ハナシ
話し相手,ハナシアイテ
話し声,ハナシゴエ
鼻柱,ハナバシラ
花火,ハナビ
跳ね,ハネ
母,ハハ
幅,ハバ
浜,ハマ
歯磨,ハミガキ
早足,ハヤアシ
早合点,ハヤガテン
破約,ハヤク
腹,ハラ
腹鼓,ハラツヅミ
腹の中,ハラノウチ
腹這い,ハラバイ
張,ハリ
針,ハリ
張番,ハリバン
はるか,ハルカ
遥か,ハルカ
破裂,ハレツ
半,ハン
範囲,ハンイ
ハンケチ,ハンケチ
半紙,ハンシ
半町,ハンジョウ
半切,ハンセツ
判然,ハンゼン
反対,ハンタイ
反動,ハンドウ
半日,ハンニチ
反応,ハンノウ
半々,ハンハン
反駁,ハンバク
半分,ハンブン
場合,バアイ
婆さん,バアサン
倍,バイ
売買,バイバイ
馬鹿,バカ
化物,バケモノ
箱,バコ
馬車,バシャ
場所,バショ
芭蕉,バショウ
罰,バチ
罰,バッ
罰金,バッキン
バッタ,バッタ
話,バナシ
婆,ババ
張り,バリ
晩,バン
番,バン
万国,バンコク
番号,バンゴウ
万歳,バンザイ
万事,バンジ
盤台,バンダイ
パイプ,パイプ
日,ヒ
火,ヒ
被,ヒ
非,ヒ
贔屓,ヒイキ
控,ヒカエ
比較,ヒカク
光,ヒカリ
東,ヒガシ
匹,ヒキ
引き,ヒキ
引上げ,ヒキアゲ
抽斗,ヒキダシ
卑怯,ヒキョウ
日暮,ヒグレ
髯,ヒゲ
膝,ヒザ
飛車,ヒシャ
肱,ヒジ
非常,ヒジョウ
ひそか,ヒソカ
ひだ,ヒダ
左,ヒダリ
筆法,ヒッポウ
必要,ヒツヨウ
ひと,ヒト
人,ヒト
人影,ヒトカゲ
一言,ヒトコト
人声,ヒトゴエ
人指しゆび,ヒトサシユビ
人指し指,ヒトサシユビ
人質,ヒトジチ
一筋,ヒトスジ
一つ,ヒトツ
人出,ヒトデ
人手,ヒトデ
ひと通り,ヒトトオリ
人中,ヒトナカ
人並,ヒトナミ
ひとり,ヒトリ
独り,ヒトリ
日向,ヒナタ
日の丸,ヒノマル
飛白,ヒハク
火鉢,ヒバチ
批評,ヒヒョウ
ひま,ヒマ
暇,ヒマ
隙,ヒマ
暇潰し,ヒマツブシ
秘密,ヒミツ
紐,ヒモ
百,ヒャク
百姓,ヒャクショウ
冷,ヒヤ
冷汗,ヒヤアセ
ヒュー,ヒュー
表,ヒョウ
評価,ヒョウカ
拍子,ヒョウシ
評判,ヒョウバン
豹変,ヒョウヘン
表面,ヒョウメン
平,ヒラ
平仮名,ヒラガナ
平手,ヒラテ
平屋,ヒラヤ
肥料,ヒリョウ
昼過ぎ,ヒルスギ
昼寝,ヒルネ
昼飯,ヒルメシ
比例,ヒレイ
卑劣,ヒレツ
尋,ヒロ
寛,ヒロシ
普,ヒロシ
広間,ヒロマ
品格,ヒンカク
品性,ヒンセイ
頻繁,ヒンパン
毘沙門,ビシャモン
美人,ビジン
秒,ビョウ
病気,ビョウキ
瓶,ビン
鬢,ビン
敏捷,ビンショウ
貧乏,ビンボウ
不,フ
歩,フ
符,フ
ファイル,ファイル
不意,フイ
吹聴,フイチョウ
風,フウ
風紀,フウキ
風儀,フウギ
風船,フウセン
風俗,フウゾク
夫婦,フウフ
風流,フウリュウ
笛,フエ
附加,フカ
附記,フキ
服,フク
福,フク
腹案,フクアン
袱紗,フクサ
服装,フクソウ
腹蔵,フクゾウ
服膺,フクヨウ
不見識,フケンシキ
不幸,フコウ
不公平,フコウヘイ
塞ぎ,フサギ
不賛成,フサンセイ
節,フシ
不仕合せ,フシアワセ
不思議,フシギ
負傷,フショウ
不審,フシン
不信任,フシンニン
不順,フジュン
不浄,フジョウ
婦人,フジン
襖,フスマ
不足,フソク
ふた,フタ
蓋,フタ
二つ,フタツ
不都合,フツゴウ
不貞,フテイ
不手際,フテギワ
筆,フデ
不徳,フトク
懐,フトコロ
懐手,フトコロデ
布団,フトン
蒲団,フトン
鮒,フナ
船端,フナバタ
船縁,フナベリ
赴任,フニン
不人情,フニンジョウ
腑抜け,フヌケ
舟,フネ
船,フネ
不平,フヘイ
不便,フベン
不面目,フメンボク
不行届,フユキトドキ
不用,フヨウ
不用意,フヨウイ
不埒,フラチ
フランネル,フランネル
振り,フリ
不利益,フリエキ
風流,フリュウ
古池,フルイケ
古川,フルカワ
振舞,フルマイ
古町,フルマチ
布令,フレイ
風呂,フロ
フロック,フロック
フロント,フロント
ふん,フン
分,フン
奮然,フンゼン
憤然,フンゼン
奮発,フンパツ
分別,フンベツ
無愛想,ブアイソウ
武士,ブシ
節,ブシ
無事,ブジ
豚,ブタ
舞台,ブタイ
物質,ブッシツ
物騒,ブッソウ
物,ブツ
物理,ブツリ
樗,ブナ
部分,ブブン
無頼漢,ブライカン
ぶらんこ,ブランコ
無礼,ブレイ
分,ブン
分界,ブンカイ
文学,ブンガク
文庫,ブンコ
文章,ブンショウ
プラットフォーム,プラットフォーム
舳,ヘ
塀,ヘイ
兵営,ヘイエイ
平気,ヘイキ
閉口,ヘイコウ
平常,ヘイジョウ
平成,ヘイセイ
弊風,ヘイフウ
辟易,ヘキエキ
僻遠,ヘキエン
下手,ヘタ
部屋,ヘヤ
箆,ヘラ
減らず口,ヘラズグチ
へん,ヘン
変,ヘン
遍,ヘン
返却,ヘンキャク
返事,ヘンジ
返電,ヘンデン
返報,ヘンポウ
返礼,ヘンレイ
米,ベイ
べた一面,ベタイチメン
べっかんこう,ベッカンコウ
別室,ベッシツ
別嬪,ベッピン
べつ,ベツ
別,ベツ
別段,ベツダン
べら,ベラ
篦棒,ベラボウ
べらんめえ,ベランメエ
弁解,ベンカイ
勉強,ベンキョウ
弁口,ベンコウ
弁護,ベンゴ
便所,ベンジョ
弁舌,ベンゼツ
ベンチ,ベンチ
弁当,ベントウ
便利,ベンリ
弁論,ベンロン
ペテン師,ペテンシ
頁,ページ
歩,ホ
ほう,ホウ
方,ホウ
法,ホウ
放課後,ホウカゴ
法外,ホウガイ
方角,ホウガク
箒,ホウキ
俸給,ホウキュウ
封建,ホウケン
奉公,ホウコウ
方向,ホウコウ
報知,ホウチ
放免,ホウメン
方面,ホウメン
法律,ホウリツ
頬,ホオ
頬骨,ホオボネ
ほか,ホカ
ほこり,ホコリ
保護,ホゴ
反古,ホゴ
星明り,ホシアカリ
臍,ホゾ
発句,ホック
堀田,ホッタ
発議,ホツギ
骨,ホネ
法螺,ホラ
法螺吹き,ホラフキ
堀田,ホリタ
ほん,ホン
本,ホン
本県,ホンケン
本筋,ホンスジ
本当,ホントウ
本人,ホンニン
本場,ホンバ
本門寺,ホンモンジ
本来,ホンライ
翻弄,ホンロウ
簿,ボ
某,ボウ
棒,ボウ
防,ボウ
暴行,ボウコウ
帽子,ボウシ
某氏,ボウシ
坊主,ボウズ
茫然,ボウゼン
膨張,ボウチョウ
冒頭,ボウトウ
暴慢,ボウマン
僕,ボク
樸直,ボクチョク
朴念仁,ボクネンジン
募集,ボシュウ
坊っちゃん,ボッチャン
ぼや,ボヤ
ボランティア,ボランティア
ぼん,ボン
盆,ボン
ぼんやり,ボンヤリ
ぽか,ポカ
間,マ
魔,マ
まあ,マア
枚,マイ
迷子,マイゴ
毎月,マイツキ
毎年,マイトシ
毎日,マイニチ
毎晩,マイバン
前,マエ
間男,マオトコ
賄,マカナイ
曲り,マガリ
曲がり角,マガリカド
曲り角,マガリカド
巻,マキ
巻紙,マキガミ
枕,マクラ
枕元,マクラモト
鮪,マグロ
負,マケ
負け,マケ
負け惜しみ,マケオシミ
負け嫌い,マケギライ
実しやか,マコトシヤカ
真心,マゴコロ
まし,マシ
真面目,マジメ
枡,マス
股,マタ
又五郎,マタゴロウ
待,マチ
町,マチ
街,マチ
間違い,マチガイ
町並,マチナミ
町はずれ,マチハズレ
真っ,マッ
真赤,マッカ
真黒,マックロ
真最中,マッサイチュウ
真逆様,マッサカサマ
真先,マッサキ
真正面,マッショウメン
真直,マッスグ
マッチ,マッチ
真っ裸,マッパダカ
松,マツ
末座,マツザ
祭り,マツリ
まとも,マトモ
窓,マド
マドンナ,マドンナ
真似,マネ
麻布,マフ
瞼,マブタ
まま,ママ
丸,マル
丸木,マルキ
丸の内,マルノウチ
丸裸,マルハダカ
廻り,マワリ
万,マン
満足,マンゾク
真中,マンナカ
み,ミ
味,ミ
実,ミ
身,ミ
身動き,ミウゴキ
見え,ミエ
見送り,ミオクリ
花崗,ミカゲ
御影石,ミカゲイシ
味方,ミカタ
三河,ミカワ
蜜柑,ミカン
幹,ミキ
右,ミギ
右側,ミギガワ
右左,ミギヒダリ
眉間,ミケン
尊,ミコト
操,ミサオ
水,ミズ
水飴,ミズアメ
自ら,ミズカラ
水際,ミズギワ
水気,ミズケ
見世物,ミセモノ
乱れ,ミダレ
路,ミチ
道,ミチ
道幅,ミチハバ
三つ,ミッツ
満家,ミツイエ
みな,ミナ
皆,ミナ
皆さん,ミナサン
港,ミナト
南,ミナミ
源,ミナモト
身の上,ミノウエ
身分,ミブン
三股,ミマタ
耳,ミミ
宮崎,ミヤザキ
宮芝居,ミヤシバイ
妙,ミョウ
明後日,ミョウゴニチ
未来,ミライ
民,ミン
みんな,ミンナ
無,ム
無位,ムイ
無意識,ムイシキ
向,ムカイ
昔,ムカシ
無冠,ムカン
向き,ムキ
向,ムコウ
向う,ムコウ
向こう,ムコウ
向う側,ムコウガワ
虫,ムシ
無邪気,ムジャキ
無人島,ムジントウ
無責任,ムセキニン
無駄,ムダ
無茶苦茶,ムチャクチャ
夢中,ムチュウ
六つ,ムッツ
無鉄砲,ムテッポウ
無頓着,ムトンジャク
胸糞,ムナクソ
胸,ムネ
無法,ムホウ
無闇,ムヤミ
村,ムラ
紫,ムラサキ
紫色,ムラサキイロ
無理,ムリ
め,メ
目,メ
眼,メ
芽,メ
めい,メイ
名,メイ
明言,メイゲン
名刺,メイシ
明治,メイジ
明白,メイハク
めいめい,メイメイ
明々白々,メイメイハクハク
名誉,メイヨ
明瞭,メイリョウ
命令,メイレイ
迷惑,メイワク
恵,メグミ
巡り,メグリ
めし,メシ
飯,メシ
めった,メッタ
めん,メン
免,メン
面,メン
面会,メンカイ
面詰,メンキツ
免職,メンショク
面前,メンゼン
面倒,メンドウ
儲け,モウケ
申し出,モウシデ
申し訳,モウシワケ
孟宗,モウソウ
毛筆,モウヒツ
毛布,モウフ
目標,モクヒョウ
文字,モジ
もち,モチ
持主,モチヌシ
持前,モチマエ
もっての外,モッテノホカ
もっとも,モットモ
もと,モト
下,モト
元,モト
求め,モトメ
戻り,モドリ
もの,モノ
物,モノ
者,モノ
物覚え,モノオボエ
模範,モハン
模様,モヨウ
森,モリ
盛,モリ
もん,モン
門,モン
文句,モンク
問題,モンダイ
紋付,モンツキ
問答,モンドウ
や,ヤ
屋,ヤ
灸,ヤイト
やおや,ヤオヤ
焼,ヤキ
焼餅,ヤキモチ
焼物,ヤキモノ
役,ヤク
訳,ヤク
役者,ヤクシャ
役所,ヤクショ
約束,ヤクソク
薬味,ヤクミ
夜具,ヤグ
やご,ヤゴ
屋号,ヤゴウ
矢先,ヤサキ
屋敷,ヤシキ
安,ヤス
寧,ヤスシ
休み,ヤスミ
屋台,ヤタイ
夜中,ヤチュウ
家賃,ヤチン
厄介,ヤッカイ
やっこ,ヤッコ
奴,ヤッコ
八つ,ヤッツ
奴,ヤツ
奴等,ヤツラ
宿,ヤド
宿屋,ヤドヤ
柳,ヤナギ
柳沢,ヤナギサワ
屋根,ヤネ
八幡,ヤハタ
野蛮,ヤバン
野卑,ヤヒ
破れ,ヤブレ
山,ヤマ
山嵐,ヤマアラシ
山城,ヤマシロ
やめ,ヤメ
やり方,ヤリカタ
野郎,ヤロウ
湯,ユ
由緒,ユイショ
有,ユウ
遊廓,ユウカク
夕方,ユウガタ
勇気,ユウキ
夕食,ユウショク
融通,ユウズウ
悠長,ユウチョウ
郵便,ユウビン
ゆうべ,ユウベ
夕べ,ユウベ
有望,ユウボウ
有名,ユウメイ
床,ユカ
愉快,ユカイ
浴衣,ユカタ
往き,ユキ
行く先,ユクサキ
行手,ユクテ
湯島,ユシマ
湯銭,ユセン
温,ユタカ
豊か,ユタカ
油断,ユダン
指,ユビ
夢,ユメ
湯屋,ユヤ
揺,ユラ
世,ヨ
余,ヨ
夜遊び,ヨアソビ
宵,ヨイ
宵の口,ヨイノクチ
よう,ヨウ
様,ヨウ
洋,ヨウ
用,ヨウ
養,ヨウ
容易,ヨウイ
用意,ヨウイ
容喙,ヨウカイ
陽気,ヨウキ
要撃,ヨウゲキ
楊子,ヨウジ
用事,ヨウジ
用心,ヨウジン
容子,ヨウス
様子,ヨウス
養成,ヨウセイ
用達,ヨウタシ
洋服,ヨウフク
要領,ヨウリョウ
余興,ヨキョウ
欲,ヨク
翌日,ヨクジツ
欲張り,ヨクバリ
余計,ヨケイ
横,ヨコ
横っ面,ヨコッツラ
横付け,ヨコヅケ
横取り,ヨコドリ
芳秋,ヨシアキ
吉川,ヨシカワ
葭簀,ヨシズ
四畳半,ヨジョウハン
よそ,ヨソ
余所,ヨソ
余地,ヨチ
四つ,ヨッツ
四つ角,ヨツカド
余念,ヨネン
世の中,ヨノナカ
呼ばわり,ヨバワリ
夜番,ヨバン
余分,ヨブン
読み書き,ヨミカキ
嫁,ヨメ
寄り,ヨリ
夜,ヨル
弱虫,ヨワムシ
四,ヨン
ら,ラ
らい,ライ
来,ライ
来客,ライキャク
来月,ライゲツ
来年,ライネン
磊落,ライラク
来歴,ライレキ
らく,ラク
楽,ラク
落款,ラッカン
喇叭,ラッパ
らん,ラン
乱雑,ランザツ
ランプ,ランプ
乱暴,ランボウ
利,リ
利益,リエキ
りか,リカ
陸,リク
陸海,リクカイ
理屈,リクツ
理窟,リクツ
利口,リコウ
履行,リコウ
立身出世,リッシンシュッセ
立派,リッパ
理非,リヒ
リボン,リボン
略,リャク
流,リュウ
溜飲,リュウイン
留任,リュウニン
理由,リユウ
両,リョウ
料,リョウ
猟,リョウ
良,リョウ
両足,リョウアシ
凌雲,リョウウン
両側,リョウガワ
両君,リョウクン
了見,リョウケン
両手,リョウテ
両人,リョウニン
領分,リョウブン
両方,リョウホウ
良友,リョウユウ
料理,リョウリ
両立,リョウリツ
力,リョク
旅団,リョダン
旅費,リョヒ
履歴,リレキ
厘,リン
鈴,リン
倫理,リンリ
るい,ルイ
留守,ルス
留守番,ルスバン
例,レイ
礼,レイ
例外,レイガイ
礼儀,レイギ
例刻,レイコク
冷然,レイゼン
零落,レイラク
歴史,レキシ
劣等,レットウ
列,レツ
聯隊,レンタイ
連中,レンチュウ
練兵,レンペイ
ろ,ロ
路,ロ
露,ロ
郎,ロウ
廊下,ロウカ
老人,ロウジン
狼藉,ロウゼキ
浪人,ロウニン
狼狽,ロウバイ
ろか,ロカ
六,ロク
碌,ロク
六月,ロクガツ
露骨,ロコツ
露西亜,ロシア
肋骨,ロッコツ
呂律,ロレツ
論,ロン
論断,ロンダン
論法,ロンポウ
論理,ロンリ
若い衆,ワカイシュ
別れ,ワカレ
吾輩,ワガハイ
我儘,ワガママ
訳,ワケ
私儀,ワタクシギ
わたし,ワタシ
私,ワタシ
詫び,ワビ
藁,ワラ
笑い草,ワライグサ
笑い声,ワライゴエ
藁葺,ワラブキ
わり,ワリ
割,ワリ
割合,ワリアイ
割前,ワリマエ
わる,ワル
悪口,ワルグチ
吾,ワレ
われわれ,ワレワレ
腕力,ワンリョク
ん,ン
ヴァイオリン,ヴァイオリン
