なほ,なほ
あい,アイ
藍色,アイイロ
合鍵,アイカギ
愛嬌,アイキョウ
愛犬,アイケン
愛好,アイコウ
愛国,アイコク
挨拶,アイサツ
哀傷,アイショウ
愛情,アイジョウ
愛人,アイジン
合図,アイズ
愛惜,アイセキ
あいそ,アイソ
愛想,アイソ
あいだ,アイダ
間柄,アイダガラ
愛着,アイチャク
あいつ,アイツ
彼奴,アイツ
相手,アイテ
生憎,アイニク
アイヌ,アイヌ
愛馬,アイバ
相判,アイバン
愛撫,アイブ
あいま,アイマ
合間,アイマ
曖昧,アイマイ
愛慾,アイヨク
アウトライン,アウトライン
亜鉛,アエン
あおじ,アオジ
青筋,アオスジ
青空,アオゾラ
青天井,アオテンジョウ
青二才,アオニサイ
あお向け,アオムケ
仰向け,アオムケ
あか,アカ
アカ,アカ
赤井,アカイ
赤金,アカガネ
あかつき,アカツキ
赤恥,アカハジ
あかみ,アカミ
あかり,アカリ
明り,アカリ
明るみ,アカルミ
赤ん坊,アカンボウ
あき,アキ
飽き,アキ
明らか,アキラカ
あく,アク
アク,アク
悪業,アクゴウ
握手,アクシュ
悪臭,アクシュウ
悪心,アクシン
悪事,アクジ
悪銭,アクセン
悪戦苦闘,アクセンクトウ
悪僧,アクソウ
悪党,アクトウ
悪人,アクニン
あくび,アクビ
欠伸,アクビ
悪魔,アクマ
悪夢,アクム
悪霊,アクリョウ
あくる日,アクルヒ
あぐら,アグラ
胡座,アグラ
明け暮れ,アケクレ
上げ,アゲ
あげく,アゲク
挙句,アゲク
揚げ句,アゲク
揚句,アゲク
上げ下げ,アゲサゲ
あご,アゴ
吾子,アゴ
あごひげ,アゴヒゲ
麻糸,アサイト
朝方,アサガタ
浅黄,アサギ
浅田,アサダ
朝露,アサツユ
朝寝,アサネ
朝寝坊,アサネボウ
あさひ,アサヒ
朝日,アサヒ
あざ,アザ
あざやか,アザヤカ
鮮やか,アザヤカ
あし,アシ
足跡,アシアト
足音,アシオト
あしか,アシカ
足枷,アシカセ
足がかり,アシガカリ
足首,アシクビ
あした,アシタ
明日,アシタ
足どり,アシドリ
足取り,アシドリ
足場,アシバ
足もと,アシモト
足下,アシモト
足元,アシモト
あしらい,アシライ
あじ,アジ
網代,アジロ
あす,アス
あすこ,アスコ
預り,アズカリ
あずま,アズマ
あぜん,アゼン
唖然,アゼン
あそこ,アソコ
彼処,アソコ
遊び,アソビ
遊び女,アソビメ
あたい,アタイ
あたご,アタゴ
愛宕,アタゴ
あたし,アタシ
アタマ,アタマ
熱海,アタミ
あたり,アタリ
当り,アタリ
当り前,アタリマエ
安達,アダチ
足立,アダチ
あだな,アダナ
アダム,アダム
あちら,アチラ
悪化,アッカ
悪感,アッカン
悪鬼,アッキ
あっけ,アッケ
呆気,アッケ
圧搾,アッサク
圧殺,アッサツ
あっち,アッチ
圧倒,アットウ
圧迫,アッパク
扱い,アツカイ
厚紙,アツガミ
厚化粧,アツゲショウ
集まり,アツマリ
集め,アツメ
あて,アテ
当て,アテ
当て推量,アテズイリョウ
あてずっぽう,アテズッポウ
宛名,アテナ
当てなし,アテナシ
当て身,アテミ
あでやか,アデヤカ
あと,アト
後足,アトアシ
後釜,アトガマ
後先,アトサキ
跡取り,アトトリ
後引き,アトヒキ
後廻し,アトマワシ
アトム,アトム
跡目,アトメ
アトリエ,アトリエ
あな,アナ
あなた,アナタ
貴方,アナタ
兄貴,アニキ
アニリン,アニリン
あの世,アノヨ
暴れ,アバレ
アパート,アパート
阿鼻,アビ
油絵,アブラエ
油絵具,アブラエノグ
アヘン,アヘン
阿片,アヘン
阿部,アベ
あべこべ,アベコベ
あべの,アベノ
阿呆,アホ
阿呆,アホウ
阿呆陀羅経,アホダラキョウ
あま,アマ
甘粕,アマカス
雨戸,アマド
天山,アマヤマ
あまり,アマリ
余り,アマリ
あみ,アミ
阿弥,アミ
阿弥陀,アミダ
編物,アミモノ
網屋,アミヤ
あめ,アメ
アメリカ,アメリカ
亜米利加,アメリカ
あや,アヤ
あやふや,アヤフヤ
あゆ,アユ
あら,アラ
洗い,アライ
荒くれ,アラクレ
荒仕事,アラシゴト
争い,アラソイ
あらた,アラタ
アラビア,アラビア
あらまし,アラマシ
新身,アラミ
あらわ,アラワ
あらわれ,アラワレ
アリ,アリ
有我,アリガ
有り勝ち,アリガチ
有様,アリサマ
荒磯,アリソ
アリバイ,アリバイ
歩き,アルキ
アルコール,アルコール
あるじ,アルジ
あれ,アレ
あわ,アワ
合わせ,アワセ
哀れ,アワレ
憐れ,アワレ
あん,アン
アン,アン
暗雲,アンウン
暗影,アンエイ
暗記,アンキ
安居,アンキョ
あんぎゃ,アンギャ
行脚,アンギャ
暗黒,アンコク
暗合,アンゴウ
暗殺,アンサツ
暗紫色,アンシショク
安心,アンシン
暗示,アンジ
案じ,アンジ
安全,アンゼン
安置,アンチ
アンテナ,アンテナ
暗転,アンテン
あんど,アンド
安堵,アンド
アンナ,アンナ
案内,アンナイ
安穏,アンノン
あんばい,アンバイ
塩梅,アンバイ
按配,アンバイ
暗箱,アンバコ
暗黙,アンモク
暗夜,アンヤ
安楽,アンラク
暗流,アンリュウ
暗涙,アンルイ
威圧,イアツ
慰安,イアン
唯々,イイ
易々,イイ
いい加減,イイカゲン
いいなずけ,イイナズケ
許嫁,イイナズケ
言いよう,イイヨウ
医員,イイン
家柄,イエガラ
家中,イエジュウ
家筋,イエスジ
家出,イエデ
いか,イカ
イカ,イカ
以下,イカ
医科,イカ
如何,イカ
いかが,イカガ
如何,イカガ
威嚇,イカク
雷山,イカズチヤマ
いかり,イカリ
怒り,イカリ
いかん,イカン
偉観,イカン
遺憾,イカン
いが,イガ
以外,イガイ
意外,イガイ
遺骸,イガイ
医学,イガク
医学部,イガクブ
いがぐり,イガグリ
毬栗,イガグリ
いき,イキ
意気,イキ
行き,イキ
遺棄,イキ
行き当り,イキアタリ
生きうつし,イキウツシ
生き写し,イキウツシ
勢い,イキオイ
行き方,イキカタ
生き甲斐,イキガイ
意気組み,イキグミ
いきさつ,イキサツ
行き詰まり,イキヅマリ
息抜き,イキヌキ
医局,イキョク
生霊,イキリョウ
威儀,イギ
意義,イギ
異形,イギョウ
イギリス,イギリス
いく,イク
いくじ,イクジ
意気地,イクジ
幾多,イクタ
いくつ,イクツ
幾つ,イクツ
幾度,イクド
幾日,イクニチ
幾分,イクブン
幾夜,イクヨ
いくら,イクラ
イクラ,イクラ
幾ら,イクラ
い草,イグサ
畏敬,イケイ
意見,イケン
威厳,イゲン
威光,イコウ
遺稿,イコウ
遺骨,イコツ
遺恨,イコン
以後,イゴ
いさ,イサ
委細,イサイ
偉材,イザイ
いし,イシ
医師,イシ
意志,イシ
縊死,イシ
遺子,イシ
遺志,イシ
石頭,イシアタマ
石川,イシカワ
石垣,イシガキ
意識,イシキ
石切,イシキリ
石切場,イシキリバ
石塊,イシクレ
いしゃ,イシャ
医者,イシャ
意趣,イシュ
いしゅう,イシュウ
萎縮,イシュク
遺書,イショ
意匠,イショウ
衣裳,イショウ
維新,イシン
意地,イジ
いじめ,イジメ
医術,イジュツ
以上,イジョウ
異常,イジョウ
異状,イジョウ
偉丈夫,イジョウフ
偉人,イジン
いす,イス
椅子,イス
いずれ,イズレ
伊勢,イセ
威勢,イセイ
異性,イセイ
遺跡,イセキ
以前,イゼン
いそ,イソ
意想外,イソウガイ
急ぎ,イソギ
急ぎ足,イソギアシ
イソギンチャク,イソギンチャク
遺族,イゾク
委託,イタク
いた事,イタコト
致し方,イタシカタ
致方,イタシカタ
いたずら,イタズラ
イタズラ,イタズラ
悪戯,イタズラ
板戸,イタド
板の間,イタノマ
板張,イタバリ
板張り,イタバリ
痛み,イタミ
異端,イタン
偉大,イダイ
いち,イチ
位置,イチ
一宇,イチウ
市川,イチカワ
一概,イチガイ
一眼,イチガン
一隅,イチグウ
一撃,イチゲキ
一言,イチゲン
いちご,イチゴ
一語,イチゴ
一座,イチザ
一事,イチジ
一時,イチジ
一軸,イチジク
一場,イチジョウ
一存,イチゾン
一代,イチダイ
一大,イチダイ
一大事,イチダイジ
一団,イチダン
一段,イチダン
一段落,イチダンラク
一同,イチドウ
一任,イチニン
一念,イチネン
一番,イチバン
一部,イチブ
一分一厘,イチブイチリン
一部分,イチブブン
一文,イチブン
いちべつ,イチベツ
一瞥,イチベツ
一味,イチミ
一目,イチモク
一目瞭然,イチモクリョウゼン
一夜,イチヤ
いちょう,イチョウ
一様,イチヨウ
一葉,イチヨウ
一覧,イチラン
一流,イチリュウ
一礼,イチレイ
いちろう,イチロウ
一郎,イチロウ
いっか,イッカ
一家,イッカ
一角,イッカク
一貫,イッカン
いっき,イッキ
一基,イッキ
一気,イッキ
一気呵成,イッキカセイ
一挙,イッキョ
一挙一動,イッキョイチドウ
一挙手一投足,イッキョシュイットウソク
一句,イック
飯喰,イックイ
一間,イッケン
一行,イッコウ
一刻,イッコク
一個人,イッコジン
一切,イッサイ
一昨年,イッサクネン
一殺多生,イッサツタショウ
一散,イッサン
一糸,イッシ
一瀉千里,イッシャセンリ
一種,イッシュ
一周,イッシュウ
一瞬,イッシュン
いっしょ,イッショ
一所,イッショ
一緒,イッショ
一生,イッショウ
一笑,イッショウ
一所懸命,イッショケンメイ
一心,イッシン
一身,イッシン
一神教,イッシンキョウ
一身上,イッシンジョウ
一心不乱,イッシンフラン
いっすい,イッスイ
一寸,イッスン
一寸法師,イッスンボウシ
一声,イッセイ
一斉,イッセイ
一節,イッセツ
一掃,イッソウ
一体,イッタイ
一端,イッタン
一致,イッチ
一朝,イッチョウ
一朝一夕,イッチョウイッセキ
一直線,イッチョクセン
一定,イッテイ
一滴,イッテキ
一転,イッテン
一転機,イッテンキ
一点張り,イッテンバリ
イット,イット
一途,イット
一刀,イットウ
一等,イットウ
一泊,イッパク
一髪,イッパツ
一般,イッパン
一筆,イッピツ
一風,イップウ
一ぷく,イップク
一服,イップク
一変,イッペン
一片,イッペン
一方,イッポウ
一本槍,イッポンヤリ
いつ,イツ
いつか,イツカ
五つ,イツツ
いつの,イツノ
逸話,イツワ
移転,イテン
遺伝,イデン
遺徳,イトク
いとこ,イトコ
井戸,イド
居所,イドコロ
以内,イナイ
田舎,イナカ
田舎道,イナカミチ
因幡,イナバ
否や,イナヤ
犬死,イヌジニ
犬山,イヌヤマ
いね,イネ
いのこ,イノコ
いのち,イノチ
祈り,イノリ
位牌,イハイ
遺髪,イハツ
遺品,イヒン
いふ,イフ
胃袋,イブクロ
遺物,イブツ
異分子,イブンシ
いま,イマ
居間,イマ
今一,イマイチ
今川,イマガワ
今頃,イマゴロ
今更,イマサラ
今しがた,イマシガタ
戒め,イマシメ
今時分,イマジブン
今一つ,イマヒトツ
いまわ,イマワ
意味,イミ
いも,イモ
イヤ,イヤ
否応,イヤオウ
畏友,イユウ
いよ,イヨ
異様,イヨウ
以来,イライ
入り,イリ
入口,イリグチ
衣類,イルイ
入れ,イレ
入れ歯,イレバ
入歯,イレバ
いろいろ,イロイロ
色々,イロイロ
慰労,イロウ
色男,イロオトコ
色気,イロケ
色眼鏡,イロメガネ
曰く,イワク
岩畳,イワダタミ
イン,イン
陰鬱,インウツ
陰影,インエイ
陰火,インカ
印画,インガ
因果,インガ
因果応報,インガオウホウ
インキ,インキ
陰気,インキ
いんぎん,インギン
慇懃,インギン
隠元,インゲン
咽喉,インコウ
陰刻,インコク
隠語,インゴ
印刷,インサツ
陰惨,インサン
飲酒,インシュ
因襲,インシュウ
印象,インショウ
インスピレーション,インスピレーション
姻戚,インセキ
引退,インタイ
インタロゲーションマーク,インタロゲーションマーク
インターネット,インターネット
インチキ,インチキ
院長,インチョウ
いんとう,イントウ
咽頭,イントウ
淫蕩,イントウ
隠遁,イントン
インド,インド
印度,インド
引導,インドウ
隠忍,インニン
因縁,インネン
隠蔽,インペイ
陰陽,インヨウ
引例,インレイ
ウイスキー,ウイスキー
ウインド,ウインド
うえ,ウエ
上杉,ウエスギ
上と下,ウエトシタ
上の,ウエノ
伺い,ウカガイ
うかつ,ウカツ
浮き,ウキ
浮き浮き,ウキウキ
憂身,ウキミ
浮世,ウキヨ
受け,ウケ
受売り,ウケウリ
受け答え,ウケコタエ
受取,ウケトリ
受持,ウケモチ
動き,ウゴキ
うさ,ウサ
うし,ウシ
後影,ウシロカゲ
うしろ姿,ウシロスガタ
後姿,ウシロスガタ
後鉢巻,ウシロハチマキ
うじ,ウジ
宇治,ウジ
氏素性,ウジスジョウ
蛆虫,ウジムシ
薄毛,ウスゲ
うず,ウズ
渦巻,ウズマキ
渦巻き,ウズマキ
うそ,ウソ
ウソ,ウソ
嘘八百,ウソハッピャク
うた,ウタ
疑い,ウタガイ
うち,ウチ
打ち,ウチ
内側,ウチガワ
内気,ウチキ
打紐,ウチヒモ
内幕,ウチマク
宇宙,ウチュウ
有頂天,ウチョウテン
うちわ,ウチワ
内輪,ウチワ
うっかり,ウッカリ
うっけつ,ウッケツ
鬱血,ウッケツ
鬱積,ウッセキ
写し,ウツシ
うつつ,ウツツ
移り,ウツリ
うつろ,ウツロ
腕立て,ウデタテ
腕試し,ウデダメシ
腕時計,ウデドケイ
腕前,ウデマエ
腕まくり,ウデマクリ
うなぎ,ウナギ
うなばら,ウナバラ
海原,ウナバラ
唸り,ウナリ
ウニ,ウニ
うねり,ウネリ
うの,ウノ
うぶ,ウブ
うま,ウマ
生れ,ウマレ
生み,ウミ
海千山千,ウミセンヤマセン
有無,ウム
有耶無耶,ウヤムヤ
羽翼,ウヨク
ウラ,ウラ
裏打ち,ウラウチ
裏表,ウラオモテ
裏返し,ウラガエシ
裏書,ウラガキ
裏口,ウラグチ
裏手,ウラテ
占い,ウラナイ
裏庭,ウラニワ
うらみ,ウラミ
怨み,ウラミ
浦山,ウラヤマ
うり,ウリ
ウル,ウル
うろ,ウロ
うろこ,ウロコ
浮気,ウワキ
上衣,ウワギ
上靴,ウワグツ
譫言,ウワゴト
上塗,ウワヌリ
蟒蛇,ウワバミ
うわべ,ウワベ
ウン,ウン
雲烟,ウンエン
うんか,ウンカ
雲霞,ウンカ
運行,ウンコウ
うんじょう,ウンジョウ
雲上,ウンジョウ
運動,ウンドウ
云々,ウンヌン
運命,ウンメイ
えい,エイ
酔ひ,エイ
永遠,エイエン
映画,エイガ
栄華,エイガ
永久,エイキュウ
影響,エイキョウ
英国,エイコク
英語,エイゴ
永劫,エイゴウ
映写,エイシャ
映写機,エイシャキ
嬰児,エイジ
永世,エイセイ
衛生,エイセイ
映像,エイゾウ
永続,エイゾク
永年,エイネン
鋭敏,エイビン
永眠,エイミン
英雄,エイユウ
営養,エイヨウ
栄耀,エイヨウ
栄養,エイヨウ
栄耀栄華,エイヨウエイガ
鋭利,エイリ
英和,エイワ
えがお,エガオ
笑顔,エガオ
エキス,エキス
液体,エキタイ
駅前,エキマエ
えさ,エサ
会釈,エシャク
餌食,エジキ
エジプト,エジプト
埃及,エジプト
絵姿,エスガタ
絵像,エゾウ
エッセンス,エッセンス
えつ,エツ
得手,エテ
江戸,エド
えな,エナ
エナメル,エナメル
エネルギー,エネルギー
絵の具,エノグ
絵具,エノグ
えび,エビ
えびす,エビス
海老茶,エビチャ
絵筆,エフデ
エプロン,エプロン
エホバ,エホバ
絵巻,エマキ
絵巻物,エマキモノ
えみ,エミ
得物,エモノ
獲物,エモノ
衛門,エモン
衣紋,エモン
えり,エリ
襟髪,エリガミ
襟巻,エリマキ
エロ,エロ
エロチシズム,エロチシズム
エロチック,エロチック
えん,エン
蜿蜒,エンエン
えんか,エンカ
嚥下,エンカ
宴会,エンカイ
縁側,エンガワ
遠距離,エンキョリ
遠近,エンキン
延喜,エンギ
縁起,エンギ
縁組,エングミ
円型,エンケイ
縁故,エンコ
冤罪,エンザイ
演出,エンシュツ
延焼,エンショウ
臙脂,エンジ
援助,エンジョ
厭人,エンジン
延髄,エンズイ
演説,エンゼツ
宛然,エンゼン
淵叢,エンソウ
円筒,エントウ
煙突,エントツ
縁日,エンニチ
役行者,エンノギョウジャ
塩分,エンブン
縁辺,エンペン
遠方,エンポウ
円満,エンマン
遠慮,エンリョ
遠路,エンロ
エース,エース
お預け,オアヅケ
おい,オイ
お家,オイエ
御家,オイエ
老い先,オイサキ
おいで,オイデ
お出で,オイデ
お祝い,オイワイ
おういつ,オウイツ
横溢,オウイツ
王冠,オウカン
応急,オウキュウ
応挙,オウキョ
横行,オウコウ
黄金,オウゴン
逢坂,オウサカ
横死,オウシ
応酬,オウシュウ
おうじ,オウジ
王子,オウジ
王者,オウジャ
おうじょう,オウジョウ
往生,オウジョウ
旺盛,オウセイ
往昔,オウセキ
応接,オウセツ
応接間,オウセツマ
応戦,オウセン
殴打,オウダ
横着,オウチャク
おうと,オウト
応答,オウトウ
黄檗,オウバク
往復,オウフク
小戸,オウベ
欧米,オウベイ
往訪,オウホウ
横暴,オウボウ
おうみ,オウミ
近江,オウミ
おうむ,オウム
鸚鵡,オウム
おうよう,オウヨウ
応用,オウヨウ
往来,オウライ
大急ぎ,オオイソギ
大分,オオイタ
大入,オオイリ
大写し,オオウツシ
大男,オオオトコ
大風,オオカゼ
大方,オオカタ
大川,オオカワ
多く,オオク
おおげさ,オオゲサ
大袈裟,オオゲサ
大声,オオゴエ
大騒ぎ,オオサワギ
大空,オオゾラ
太田,オオタ
大塚,オオツカ
大手,オオテ
大音,オオト
大浪,オオナミ
大判,オオバン
大瓶,オオビン
大船,オオブネ
大振り,オオブリ
大股,オオマタ
大見得,オオミエ
大昔,オオムカシ
大持て,オオモテ
大本,オオモト
大家,オオヤ
大凡,オオヨソ
大鷲,オオワシ
大笑い,オオワライ
お母様,オカアサマ
お母さん,オカアサン
おかげ,オカゲ
お蔭,オカゲ
御蔭,オカゲ
おかし,オカシ
お菓子,オカシ
お方,オカタ
御方,オカタ
お金,オカネ
お株,オカブ
お構い,オカマイ
お上,オカミ
悪寒,オカン
おき,オキ
お気,オキ
置手紙,オキテガミ
お気に入り,オキニイリ
お客,オキャク
お客様,オキャクサマ
お侠,オキャン
奥方,オクガタ
奥様,オクサマ
奥さん,オクサン
奥底,オクソコ
奥付,オクヅケ
奥歯,オクバ
おくび,オクビ
臆病者,オクビョウモノ
おくら,オクラ
送仮名,オクリガナ
お稽古,オケイコ
おこ,オコ
烏滸,オコ
起し,オコシ
おこた,オコタ
お断り,オコトワリ
起り,オコリ
おご,オゴ
押え,オサエ
長方,オサカタ
お先,オサキ
お産,オサン
お座敷,オザシキ
おし,オシ
押し,オシ
押し合い,オシアイ
押上,オシアゲ
教え,オシエ
押し借り,オシガリ
お仕着せ,オシキセ
押込,オシゴメ
お七,オシチ
押しつけ,オシツケ
押付,オシツケ
おしまい,オシマイ
惜しみ,オシミ
お釈迦,オシャカ
お釈迦様,オシャカサマ
和尚,オショウ
おしろい,オシロイ
白粉,オシロイ
お爺さん,オジイサン
お辞儀,オジギ
オジサン,オジサン
お嬢さん,オジョウサン
汚水,オスイ
おすすめ,オススメ
お世話,オセワ
汚染,オセン
お側,オソバ
恐れ,オソレ
お太鼓,オタイコ
お互い,オタガイ
お尋ね,オタズネ
オタマジャクシ,オタマジャクシ
お陀仏,オダブツ
穏やか,オダヤカ
落ち,オチ
お力,オチカラ
落ち込み,オチコミ
お茶,オチャ
追手,オッテ
おつもり,オツモリ
お手数,オテカズ
お手の物,オテノモノ
お手本,オテホン
お寺,オテラ
おと,オト
お父さん,オトウサン
お伽,オトギ
男一匹,オトコイッピキ
男の子,オトコノコ
音沙汰,オトサタ
落し,オトシ
落し穴,オトシアナ
おととい,オトトイ
一昨日,オトトイ
おととし,オトトシ
おとな,オトナ
大人,オトナ
お隣,オトナリ
乙女,オトメ
お伴,オトモ
踊り,オドリ
踊り字,オドリジ
驚き,オドロキ
お腹,オナカ
お慰み,オナグサミ
おなじ,オナジ
お願い,オネガイ
おの,オノ
オノ,オノ
小野,オノ
おのおの,オノオノ
おのれ,オノレ
お話,オハナシ
お話し,オハナシ
おば,オバ
伯母,オバ
お婆さん,オバアサン
お引き受け,オヒキウケ
お引受け,オヒキウケ
お雛様,オヒナサマ
お昼,オヒル
帯締め,オビジメ
おふくろ,オフクロ
汚物,オブツ
オブラート,オブラート
御返事,オヘンジ
覚え,オボエ
思召,オボシメシ
溺れ死,オボレジニ
お前,オマエ
おまけ,オマケ
お待ち,オマチ
お守り,オマモリ
お見舞,オミマイ
お迎え,オムカエ
オムレツ,オムレツ
汚名,オメイ
お召,オメシ
おめでた,オメデタ
お目見得,オメミエ
思い,オモイ
思い違い,オモイチガイ
思い付き,オモイツキ
思い出,オモイデ
面影,オモカゲ
重き,オモキ
面白,オモシロ
オモチャ,オモチャ
玩具,オモチャ
表口,オモテグチ
表向き,オモテムキ
おもと,オモト
重荷,オモニ
おもや,オモヤ
思惑,オモワク
親代り,オヤガワリ
親子,オヤコ
おやじ,オヤジ
親父,オヤジ
親達,オヤタチ
お許し,オユルシ
泳ぎ,オヨギ
お呼び,オヨビ
おり,オリ
オリ,オリ
折ふし,オリフシ
折節,オリフシ
折目,オリメ
織物,オリモノ
おれ,オレ
お礼,オレイ
おろか,オロカ
愚か,オロカ
下し,オロシ
お詫び,オワビ
お笑い,オワライ
終り,オワリ
おん,オン
音楽,オンガク
恩給,オンキュウ
音響,オンキョウ
御行,オンコウ
温厚,オンコウ
御事,オンコト
遠国,オンゴク
恩師,オンシ
恩賜,オンシ
音信,オンシン
温柔,オンジュウ
温泉,オンセン
音調,オンチョウ
怨敵,オンテキ
温度,オンド
おんな,オンナ
おんなじ,オンナジ
女たらし,オンナタラシ
女出入り,オンナデイリ
女文字,オンナモジ
乳母,オンバ
音波,オンパ
御身,オンミ
怨霊,オンリョウ
温和,オンワ
オートバイ,オートバイ
オーバー,オーバー
かい,カイ
甲斐,カイ
怪異,カイイ
階下,カイカ
快感,カイカン
開巻,カイカン
絵画,カイガ
海外,カイガイ
海岸,カイガン
怪奇,カイキ
階級,カイキュウ
会議,カイギ
諧謔,カイギャク
解決,カイケツ
会見,カイケン
回顧,カイコ
飼い殺し,カイゴロシ
改札,カイサツ
開山,カイサン
開始,カイシ
会社,カイシャ
解釈,カイシャク
楷書,カイショ
解消,カイショウ
会心,カイシン
解除,カイジョ
階上,カイジョウ
怪人,カイジン
海水,カイスイ
開設,カイセツ
回想,カイソウ
海藻,カイソウ
快速,カイソク
改造,カイゾウ
開拓,カイタク
怪談,カイダン
階段,カイダン
懐中,カイチュウ
海中,カイチュウ
懐中時計,カイチュウドケイ
かいてい,カイテイ
海底,カイテイ
階梯,カイテイ
快適,カイテキ
回転,カイテン
廻転,カイテン
回答,カイトウ
解答,カイトウ
街道,カイドウ
灰白色,カイハクショク
回避,カイヒ
開闢,カイビャク
回復,カイフク
恢復,カイフク
怪物,カイブツ
介抱,カイホウ
解放,カイホウ
解剖,カイボウ
開幕,カイマク
海綿,カイメン
買物,カイモノ
かいよう,カイヨウ
壊乱,カイラン
貝類,カイルイ
偕老同穴,カイロウドウケツ
会話,カイワ
かいわい,カイワイ
界隈,カイワイ
換え,カエ
返し,カエシ
替玉,カエダマ
帰り,カエリ
帰りがけ,カエリガケ
帰り道,カエリミチ
火焔,カエン
かお,カオ
顔色,カオイロ
家屋,カオク
顔立ち,カオダチ
顔つき,カオツキ
顔付き,カオツキ
顔負け,カオマケ
かおり,カオリ
呵々,カカ
抱え,カカエ
かかし,カカシ
案山子,カカシ
かかと,カカト
かかり,カカリ
係り,カカリ
掛り,カカリ
係官,カカリカン
果敢,カカン
加害,カガイ
化学,カガク
科学,カガク
輝き,カガヤキ
かき,カキ
下記,カキ
書換え,カキカエ
書込み,カキコミ
書き初め,カキゾメ
書付,カキツケ
稼業,カギョウ
かぎり,カギリ
限り,カギリ
かく,カク
隔意,カクイ
架空,カクウ
角形,カクガタ
格言,カクゲン
各項,カクコウ
覚悟,カクゴ
隠し,カクシ
隠し立て,カクシダテ
各種,カクシュ
確証,カクショウ
核心,カクシン
確信,カクシン
各自,カクジ
確実,カクジツ
覚醒,カクセイ
隔世,カクセイ
拡大,カクダイ
各地,カクチ
確定,カクテイ
格闘,カクトウ
獲得,カクトク
角度,カクド
確認,カクニン
各部,カクブ
格別,カクベツ
角帽,カクボウ
隔膜,カクマク
革命,カクメイ
かくらん,カクラン
攪乱,カクラン
隠れ,カクレ
隠れ家,カクレガ
家具,カグ
かけ,カケ
欠け,カケ
家系,カケイ
火刑,カケイ
掛金,カケキン
掛軸,カケジク
掛け値,カケネ
ヶ月,カゲツ
個月,カゲツ
箇月,カゲツ
影法師,カゲボウシ
影身,カゲミ
加減,カゲン
過去,カコ
下降,カコウ
箇国,カコク
囲み,カコミ
化合,カゴウ
過言,カゴン
かさ,カサ
カサカサ,カサカサ
家財,カザイ
風上,カザカミ
飾り,カザリ
かし,カシ
カシ,カシ
仮死,カシ
菓子,カシ
かしく,カシク
かしこ,カシコ
過失,カシツ
貸家,カシヤ
個所,カショ
箇所,カショ
かしょう,カショウ
嘉賞,カショウ
華燭,カショク
頭文字,カシラモジ
火事,カジ
過重,カジュウ
箇条,カジョウ
過剰,カジョウ
家人,カジン
かす,カス
カス,カス
微か,カスカ
カステラ,カステラ
数々,カズカズ
加勢,カセイ
火勢,カセイ
火星,カセイ
化石,カセキ
稼ぎ,カセギ
かぜ,カゼ
風邪,カゼ
下層,カソウ
仮想,カソウ
仮装,カソウ
家相,カソウ
火葬,カソウ
家族,カゾク
華族,カゾク
かた,カタ
片足,カタアシ
片仮名,カタカナ
かたがた,カタガタ
方々,カタガタ
片側,カタガワ
かたぎ,カタギ
肩ごし,カタゴシ
片隅,カタスミ
かたち,カタチ
かたっぱし,カタッパシ
片手,カタテ
片手落ち,カタテオチ
片手間,カタテマ
かたは,カタハ
肩幅,カタハバ
固まり,カタマリ
形見,カタミ
片道,カタミチ
傾き,カタムキ
語り,カタリ
片端,カタワ
片脇,カタワキ
かたわら,カタワラ
傍ら,カタワラ
価値,カチ
カチカチ,カチカチ
カチカチ山,カチカチヤマ
勝気,カチキ
カチューシャ,カチューシャ
カッカ,カッカ
閣下,カッカ
かっこ,カッコ
各個,カッコ
確乎,カッコ
恰好,カッコウ
各国,カッコク
喝采,カッサイ
かっしゃ,カッシャ
褐色,カッショク
かったつ,カッタツ
勝手,カッテ
勝手口,カッテグチ
勝手次第,カッテシダイ
葛藤,カットウ
かっぱ,カッパ
合羽,カッパ
喝破,カッパ
河童,カッパ
活溌,カッパツ
活版,カッパン
闊歩,カッポ
かつ,カツ
かつごう,カツゴウ
渇仰,カツゴウ
活字,カツジ
活動,カツドウ
活弁,カツベン
渇望,カツボウ
活躍,カツヤク
活力,カツリョク
かづ,カヅ
仮定,カテイ
家庭,カテイ
過程,カテイ
過渡,カト
下等,カトウ
門口,カドグチ
かな,カナ
家内,カナイ
金切声,カナキリゴエ
金具,カナグ
悲しみ,カナシミ
金杉,カナスギ
かなた,カナタ
彼方,カナタ
カナメ,カナメ
かなり,カナリ
かに,カニ
加入,カニュウ
かね,カネ
金ずく,カネズク
金光,カネミツ
金儲け,カネモウケ
金持ち,カネモチ
ヶ年,カネン
箇年,カネン
カノ,カノ
可能,カノウ
彼女,カノジョ
過般,カハン
かばね,カバネ
かばん,カバン
過敏,カビン
下腹,カフク
カブ,カブ
寡聞,カブン
壁際,カベギワ
かま,カマ
かまち,カマチ
かまぼこ,カマボコ
蒲鉾,カマボコ
神上,カミアゲ
上方,カミガタ
紙屑,カミクズ
神様,カミサマ
上正,カミショウ
剃刀,カミソリ
髪の毛,カミノケ
神業,カミワザ
かめ,カメ
仮名,カメイ
カメラ,カメラ
仮面,カメン
鴨居,カモイ
科目,カモク
貨物,カモツ
渦紋,カモン
かや,カヤ
火薬,カヤク
かよ,カヨ
斯様,カヨウ
火曜日,カヨウビ
から,カラ
カラ,カラ
からかい,カラカイ
唐紙,カラカミ
からがら,カラガラ
唐草,カラクサ
カラクリ,カラクリ
唐獅子,カラジシ
からっぽ,カラッポ
唐津,カラツ
カラー,カラー
カリ,カリ
仮り,カリ
仮初,カリソメ
花柳,カリュウ
かりょう,カリョウ
枯れ枝,カレエダ
枯枝,カレエダ
枯れ草,カレクサ
枯れ葉,カレハ
枯葉,カレハ
彼等,カレラ
可憐,カレン
カレンダー,カレンダー
家老,カロウ
可哀想,カワイソウ
可哀相,カワイソウ
かわき,カワキ
乾き,カワキ
皮切り,カワキリ
川路,カワジ
川竹,カワタケ
かわら,カワラ
代り,カワリ
変り,カワリ
かん,カン
カン,カン
棺桶,カンオケ
感化,カンカ
看過,カンカ
閑暇,カンカ
感覚,カンカク
間隔,カンカク
官衙,カンガ
感慨無量,カンガイムリョウ
考え,カンガエ
考え方,カンガエカタ
宦官,カンガン
喚起,カンキ
歓喜,カンキ
閑却,カンキャク
環境,カンキョウ
監禁,カンキン
簡勁,カンケイ
関係,カンケイ
簡潔,カンケツ
感激,カンゲキ
かんげん,カンゲン
換言,カンゲン
還元,カンゲン
看護,カンゴ
監獄,カンゴク
観察,カンサツ
閑散,カンサン
環視,カンシ
監視,カンシ
感謝,カンシャ
癇癪,カンシャク
看取,カンシュ
観衆,カンシュウ
感傷,カンショウ
官職,カンショク
感触,カンショク
奸臣,カンシン
感心,カンシン
関心,カンシン
感じ,カンジ
漢字,カンジ
莞爾,カンジ
患者,カンジャ
甘受,カンジュ
感情,カンジョウ
勧進,カンジン
肝腎,カンジン
完成,カンセイ
官製,カンセイ
陥穽,カンセイ
鼾声,カンセイ
間接,カンセツ
関節,カンセツ
観世音寺,カンゼオンジ
完全,カンゼン
敢然,カンゼン
乾燥,カンソウ
感想,カンソウ
観測,カンソク
肝臓,カンゾウ
感嘆,カンタン
感歎,カンタン
簡単,カンタン
邯鄲,カンタン
寒暖計,カンダンケイ
かんちょう,カンチョウ
浣腸,カンチョウ
姦通,カンツウ
かんてい,カンテイ
鑑定,カンテイ
巻頭,カントウ
竿頭,カントウ
感動,カンドウ
かんな,カンナ
艱難,カンナン
艱難辛苦,カンナンシンク
観念,カンネン
官能,カンノウ
観音,カンノン
カンバス,カンバス
看板,カンバン
看破,カンパ
完備,カンビ
甘美,カンビ
官費,カンピ
乾物,カンブツ
漢文,カンブン
かんぷ,カンプ
完膚,カンプ
寒風,カンプウ
感服,カンプク
鑑別,カンベツ
勘弁,カンベン
官報,カンポウ
感銘,カンメイ
簡明,カンメイ
管理,カンリ
簡略,カンリャク
乾溜,カンリュウ
翰林,カンリン
慣例,カンレイ
関聯,カンレン
緩和,カンワ
カード,カード
がい,ガイ
害悪,ガイアク
凱歌,ガイカ
外界,ガイカイ
外観,ガイカン
外形,ガイケイ
外見,ガイケン
外交,ガイコウ
外国,ガイコク
骸骨,ガイコツ
外出,ガイシュツ
外字,ガイジ
孩児,ガイジ
咳嗽,ガイソウ
外套,ガイトウ
街頭,ガイトウ
害毒,ガイドク
概念,ガイネン
概念的,ガイネンテキ
該博,ガイハク
外部,ガイブ
外聞,ガイブン
外貌,ガイボウ
概要,ガイヨウ
外来,ガイライ
概略,ガイリャク
返し,ガエシ
帰り,ガエリ
瓦解,ガカイ
がかり,ガカリ
峨々,ガガ
がき,ガキ
書き,ガキ
餓鬼,ガキ
がく,ガク
学位,ガクイ
学院,ガクイン
ガクガク,ガクガク
学業,ガクギョウ
学才,ガクサイ
がくし,ガクシ
学士,ガクシ
学識,ガクシキ
学者,ガクシャ
学術,ガクジュツ
学生,ガクセイ
学説,ガクセツ
愕然,ガクゼン
学長,ガクチョウ
学内,ガクナイ
学部,ガクブ
額ぶち,ガクブチ
額縁,ガクブチ
額面,ガクメン
学問,ガクモン
楽屋裏,ガクヤウラ
学理,ガクリ
学力,ガクリョク
がけ,ガケ
画工,ガコウ
がさ,ガサ
ガサガサ,ガサガサ
ガス,ガス
瓦斯,ガス
がせ,ガセ
画像,ガゾウ
がた,ガタ
ガタガタ,ガタガタ
がち,ガチ
勝ち,ガチ
ガチガチ,ガチガチ
ガチャガチャ,ガチャガチャ
学界,ガッカイ
学校,ガッコウ
合財,ガッサイ
合掌,ガッショウ
合致,ガッチ
がてん,ガテン
合点,ガテン
がま,ガマ
構え,ガマエ
我慢,ガマン
画面,ガメン
がら,ガラ
ガラガラ,ガラガラ
がらくた,ガラクタ
ガラス,ガラス
硝子,ガラス
硝子障子,ガラスショウジ
がらん,ガラン
伽藍,ガラン
がらんどう,ガランドウ
がり,ガリ
がれ,ガレ
がん,ガン
眼下,ガンカ
眼科,ガンカ
眼窩,ガンカ
眼界,ガンカイ
眼球,ガンキュウ
眼瞼,ガンケン
頑固,ガンコ
眼光,ガンコウ
願書,ガンショ
頑丈,ガンジョウ
眼前,ガンゼン
眼底,ガンテイ
願人坊主,ガンニンボウズ
元年,ガンネン
願望,ガンボウ
顔面,ガンメン
眼目,ガンモク
含有,ガンユウ
元来,ガンライ
眼力,ガンリキ
顔料,ガンリョウ
ガーゼ,ガーゼ
きい,キイ
黄色,キイロ
消え消え,キエギエ
機縁,キエン
気焔,キエン
記憶,キオク
幾何,キカ
貴下,キカ
器械,キカイ
奇怪,キカイ
機会,キカイ
機械,キカイ
器官,キカン
奇観,キカン
期間,キカン
機関,キカン
気管,キカン
きが,キガ
起臥,キガ
祈願,キガン
危機,キキ
鬼気,キキ
奇々怪々,キキカイカイ
奇々妙々,キキミョウミョウ
起居,キキョ
奇矯,キキョウ
きぎ,キギ
嬉戯,キギ
危く,キク
きぐ,キグ
器具,キグ
気苦労,キグロウ
帰結,キケツ
危険,キケン
喜劇,キゲキ
機嫌,キゲン
起原,キゲン
起源,キゲン
機構,キコウ
気候,キコウ
起工,キコウ
帰国,キコク
既婚,キコン
きごう,キゴウ
揮毫,キゴウ
記号,キゴウ
着心地,キゴコチ
気心,キゴコロ
記載,キサイ
気先,キサキ
喜三郎,キサブロウ
貴様,キサマ
如月,キサラギ
きざ,キザ
気質,キシツ
汽車,キシャ
記者,キシャ
寄宿舎,キシュクシャ
奇勝,キショウ
気象台,キショウダイ
記事,キジ
奇術,キジュツ
記述,キジュツ
貴女,キジョ
机上,キジョウ
キ印,キジルシ
貴人,キジン
きすう,キスウ
帰趨,キスウ
疵痕,キズアト
寄生,キセイ
帰省,キセイ
気勢,キセイ
奇蹟,キセキ
鬼籍,キセキ
きせる,キセル
煙管,キセル
機先,キセン
汽船,キセン
気絶,キゼツ
基礎,キソ
起草,キソウ
奇想天外,キソウテンガイ
気息,キソク
規則,キソク
貴族,キゾク
きた,キタ
奇態,キタイ
期待,キタイ
機体,キタイ
稀代,キタイ
鬼胎,キタイ
北風,キタカゼ
北側,キタガワ
帰宅,キタク
きだ,キダ
きち,キチ
キチ,キチ
機智,キチ
気違い,キチガイ
鬼畜,キチク
帰着,キチャク
几帳,キチョウ
帰朝,キチョウ
貴重,キチョウ
几帳面,キチョウメン
吉例,キチレイ
キチン,キチン
吉辰,キッシン
切手,キッテ
キット,キット
切符,キップ
気付,キツケ
きつね,キツネ
狐憑き,キツネツキ
吉林,キツリン
気遣い,キヅカイ
気疲れ,キヅカレ
規定,キテイ
汽笛,キテキ
奇天烈,キテレツ
貴殿,キデン
帰途,キト
きとう,キトウ
祈祷,キトウ
奇特,キトク
木戸,キド
喜怒哀楽,キドアイラク
軌道,キドウ
気取り,キドリ
キナ,キナ
記入,キニュウ
きぬ,キヌ
気抜け,キヌケ
絹地,キヌジ
キネマ,キネマ
祈念,キネン
記念,キネン
きの,キノ
キノ,キノ
きのう,キノウ
帰納,キノウ
昨日,キノウ
機能,キノウ
気の毒,キノドク
木の根,キノネ
揮発,キハツ
きば,キバ
奇抜,キバツ
気品,キヒン
キビ,キビ
機微,キビ
機敏,キビン
寄附,キフ
気風,キフウ
木札,キフダ
器物,キブツ
気分,キブン
機鋒,キホウ
基本,キホン
希望,キボウ
気任せ,キマカセ
気味,キミ
機密,キミツ
奇妙,キミョウ
生娘,キムスメ
キモ,キモ
気もち,キモチ
気持,キモチ
気持ち,キモチ
着物,キモノ
客僧,キャクソウ
きゃしゃ,キャシャ
華奢,キャシャ
脚下,キャッカ
客観,キャッカン
規約,キヤク
きゅう,キュウ
吸引,キュウイン
救援,キュウエン
休暇,キュウカ
救急,キュウキュウ
窮極,キュウキョク
窮屈,キュウクツ
急激,キュウゲキ
救済,キュウサイ
久作,キュウサク
休止,キュウシ
旧式,キュウシキ
九州,キュウシュウ
吸収,キュウシュウ
九州大学,キュウシュウダイガク
急所,キュウショ
求心,キュウシン
旧跡,キュウセキ
旧蹟,キュウセキ
急速,キュウソク
旧態,キュウタイ
球体,キュウタイ
九大,キュウダイ
旧知,キュウチ
宮中,キュウチュウ
急停車,キュウテイシャ
仇敵,キュウテキ
宮殿,キュウデン
吸入,キュウニュウ
急迫,キュウハク
急変,キュウヘン
急報,キュウホウ
急務,キュウム
給与,キュウヨ
休養,キュウヨウ
急用,キュウヨウ
旧来,キュウライ
きゅうり,キュウリ
きょう,キョウ
今日,キョウ
兇悪,キョウアク
脅威,キョウイ
驚異,キョウイ
教育,キョウイク
教員,キョウイン
境界,キョウカイ
兇漢,キョウカン
叫喚,キョウカン
きょうがい,キョウガイ
驚愕,キョウガク
兇器,キョウキ
狂気,キョウキ
供給,キョウキュウ
恟々,キョウキョウ
きょうく,キョウク
境遇,キョウグウ
狂犬,キョウケン
兇行,キョウコウ
強国,キョウコク
胸骨,キョウコツ
共産,キョウサン
教示,キョウシ
教室,キョウシツ
狂者,キョウシャ
恐縮,キョウシュク
強心剤,キョウシンザイ
強弱,キョウジャク
教授,キョウジュ
狂女,キョウジョ
兇刃,キョウジン
狂人,キョウジン
強請,キョウセイ
矯正,キョウセイ
競争,キョウソウ
京染,キョウゾメ
狂態,キョウタイ
兄弟,キョウダイ
強大,キョウダイ
鏡台,キョウダイ
教壇,キョウダン
境地,キョウチ
強直,キョウチョク
共通,キョウツウ
経机,キョウヅクエ
強敵,キョウテキ
経典,キョウテン
京都,キョウト
驚倒,キョウトウ
共同,キョウドウ
脅迫,キョウハク
共犯,キョウハン
恐怖,キョウフ
胸部,キョウブ
胸壁,キョウヘキ
兇暴,キョウボウ
狂暴,キョウボウ
興味,キョウミ
共鳴,キョウメイ
鏡面,キョウメン
京屋,キョウヤ
教養,キョウヨウ
享楽,キョウラク
京洛,キョウラク
狂乱,キョウラン
協力,キョウリョク
強力,キョウリョク
強烈,キョウレツ
許可,キョカ
巨漢,キョカン
歔欷,キョキ
虚偽,キョギ
局外,キョクガイ
曲線,キョクセン
極端,キョクタン
極地,キョクチ
極致,キョクチ
局長,キョクチョウ
極点,キョクテン
極度,キョクド
局部,キョクブ
局面,キョクメン
虚構,キョコウ
鋸歯,キョシ
居室,キョシツ
挙手,キョシュ
虚実,キョジツ
居住,キョジュウ
巨人,キョジン
虚像,キョゾウ
巨大,キョダイ
挙動,キョドウ
去年,キョネン
巨木,キョボク
巨万,キョマン
虚無,キョム
距離,キョリ
キョロキョロ,キョロキョロ
きよ,キヨ
器用,キヨウ
清河,キヨカワ
清隆,キヨタカ
清宮,キヨミヤ
清らか,キヨラカ
きらい,キライ
嫌い,キライ
気楽,キラク
きり,キリ
キリ,キリ
切り,キリ
切り上げ,キリアゲ
切石,キリイシ
切口上,キリコウジョウ
キリシタン,キリシタン
切支丹伴天連,キリシタンバテレン
キリスト,キリスト
基督,キリスト
切詰,キリヅメ
切戸,キリド
きりなし,キリナシ
切抜,キリヌキ
切抜き,キリヌキ
気力,キリョク
キレ,キレ
切れ,キレ
切れ味,キレアジ
キレイ,キレイ
綺麗,キレイ
切れ切れ,キレギレ
亀裂,キレツ
切れ目,キレメ
キロ,キロ
記録,キロク
きわ,キワ
きわみ,キワミ
極み,キワミ
きん,キン
キン,キン
金色,キンイロ
禁厭,キンエン
金看板,キンカンバン
金側,キンガワ
きんきじゃくやく,キンキジャクヤク
欣喜雀躍,キンキジャクヤク
金魚,キンギョ
金銀,キンギン
謹厳,キンゲン
金庫,キンコ
金糸,キンシ
きんしゅ,キンシュ
錦繍,キンシュウ
僅少,キンショウ
近親,キンシン
禽獣,キンジュウ
近所,キンジョ
近所合壁,キンジョガッペキ
均整,キンセイ
禁制,キンセイ
金線,キンセン
勤続,キンゾク
金属,キンゾク
近代,キンダイ
緊張,キンチョウ
筋肉,キンニク
近年,キンネン
緊縛,キンバク
きんぱく,キンパク
金箔,キンパク
金品,キンピン
金縁,キンブチ
金本位,キンホンイ
禁物,キンモツ
近来,キンライ
金襴,キンラン
近隣,キンリン
議員,ギイン
祇園,ギオン
義兄,ギケイ
技巧,ギコウ
技師,ギシ
義歯,ギシ
技手,ギシュ
技術,ギジュツ
妓女,ギジョ
犠牲,ギセイ
ぎそう,ギソウ
艤装,ギソウ
疑点,ギテン
疑念,ギネン
義母,ギボ
義妹,ギマイ
欺瞞,ギマン
気味,ギミ
義務,ギム
疑問,ギモン
ぎゃく,ギャク
逆縁,ギャクエン
逆光線,ギャクコウセン
虐殺,ギャクサツ
逆襲,ギャクシュウ
逆上,ギャクジョウ
虐待,ギャクタイ
逆転,ギャクテン
逆戻り,ギャクモドリ
逆用,ギャクヨウ
ぎゃっこう,ギャッコウ
逆行,ギャッコウ
牛乳,ギュウニュウ
御意,ギョイ
仰臥,ギョウガ
行儀,ギョウギ
凝固,ギョウコ
僥倖,ギョウコウ
凝視,ギョウシ
行者,ギョウジャ
行政,ギョウセイ
業績,ギョウセキ
行跡,ギョウセキ
凝然,ギョウゼン
形相,ギョウソウ
仰天,ギョウテン
ぎょうぼう,ギョウボウ
翹望,ギョウボウ
行末,ギョウマツ
行力,ギョウリキ
行列,ギョウレツ
玉露,ギョクロ
御座,ギョザ
漁村,ギョソン
漁夫,ギョフ
魚類,ギョルイ
切り,ギリ
義理,ギリ
ギリギリ,ギリギリ
儀礼,ギレイ
義烈,ギレツ
妓楼,ギロウ
ギロチン,ギロチン
議論,ギロン
ぎん,ギン
銀色,ギンイロ
銀行,ギンコウ
銀燭,ギンショク
銀時計,ギンドケイ
銀波,ギンパ
銀幕,ギンマク
銀翼,ギンヨク
空間,クウカン
空気,クウキ
空虚,クウキョ
空閨,クウケイ
空拳,クウケン
空説,クウセツ
空前,クウゼン
空前絶後,クウゼンゼツゴ
空想,クウソウ
空地,クウチ
空中,クウチュウ
空転,クウテン
空洞,クウドウ
空腹,クウフク
空論,クウロン
九月,クガツ
くぎ,クギ
公卿,クゲ
苦患,クゲン
草色,クサイロ
草の根,クサノネ
草花,クサバナ
くさり,クサリ
腐れ,クサレ
草分け,クサワケ
くし,クシ
駆使,クシ
櫛巻,クシマキ
九尺二間,クシャクニケン
苦笑,クショウ
苦心,クシン
くじ,クジ
久地,クジ
くじら,クジラ
くず,クズ
崩れ,クズレ
くせ,クセ
口説,クゼツ
くだ,クダ
下り,クダリ
くだん,クダン
口数,クチカズ
駆逐,クチク
口々,クチグチ
口中,クチジュウ
口添え,クチゾエ
口つき,クチツキ
口止め,クチドメ
くちなし,クチナシ
くちばし,クチバシ
口ぶり,クチブリ
口紅,クチベニ
口元,クチモト
口調,クチョウ
究竟,クッキョウ
屈指,クッシ
屈折,クッセツ
くつ,クツ
苦痛,クツウ
靴音,クツオト
靴下,クツシタ
区点,クテン
口伝,クデン
句読,クトウ
くど,クド
功徳,クドク
くに,クニ
苦肉,クニク
国々,クニグニ
苦悩,クノウ
首すじ,クビスジ
首筋,クビスジ
工夫,クフウ
区別,クベツ
くま,クマ
熊耳,クマガミ
隈々,クマグマ
熊鷹,クマタカ
組合せ,クミアワセ
組み立て,クミタテ
くも,クモ
クモ,クモ
蜘蛛,クモ
雲井,クモイ
雲の上,クモノウエ
曇り空,クモリゾラ
苦悶,クモン
供養,クヨウ
くら,クラ
クラ,クラ
クライマックス,クライマックス
くらげ,クラゲ
海月,クラゲ
鞍手,クラテ
クラブ,クラブ
倶楽部,クラブ
比べ,クラベ
暗闇,クラヤミ
くり,クリ
クリ,クリ
繰り返し,クリカエシ
繰返し,クリカエシ
クリーニング,クリーニング
クリーム,クリーム
狂い,クルイ
苦しみ,クルシミ
暮れ,クレ
クロ,クロ
苦労,クロウ
黒髪,クロカミ
黒子,クロコ
黒装束,クロショウゾク
黒田,クロダ
黒穂,クロホ
黒星,クロボシ
黒焼,クロヤキ
黒焼き,クロヤキ
黒ん坊,クロンボウ
クローバ,クローバ
桑名,クワナ
くん,クン
君主,クンシュ
勲章,クンショウ
君臨,クンリン
具合,グアイ
偶然,グウゼン
偶像,グウゾウ
具体,グタイ
ぐち,グチ
愚痴,グチ
颶風,グフウ
愚昧,グマイ
グラム,グラム
ぐる,グル
グロ,グロ
ぐろう,グロウ
愚弄,グロウ
グロテスク,グロテスク
軍艦,グンカン
軍機,グンキ
群集,グンシュウ
群集心理,グンシュウシンリ
軍事,グンジ
軍平,グンペイ
毛穴,ケアナ
けい,ケイ
慶安,ケイアン
敬意,ケイイ
経緯,ケイイ
敬遠,ケイエン
経過,ケイカ
警戒,ケイカイ
計画,ケイカク
警官,ケイカン
けいがん,ケイガン
炯眼,ケイガン
敬虔,ケイケン
経験,ケイケン
稽古,ケイコ
傾向,ケイコウ
警告,ケイコク
掲載,ケイサイ
警察,ケイサツ
京師,ケイシ
罫紙,ケイシ
軽視,ケイシ
形式,ケイシキ
警視庁,ケイシチョウ
形象,ケイショウ
景勝,ケイショウ
軽傷,ケイショウ
軽少,ケイショウ
敬神,ケイシン
刑事,ケイジ
掲示,ケイジ
頃日,ケイジツ
形状,ケイジョウ
系図,ケイズ
形勢,ケイセイ
形成,ケイセイ
形跡,ケイセキ
軽率,ケイソツ
継続,ケイゾク
形態,ケイタイ
傾注,ケイチュウ
傾聴,ケイチョウ
警笛,ケイテキ
けいと,ケイト
系統,ケイトウ
鶏頭,ケイトウ
軽度,ケイド
繋縛,ケイバク
刑罰,ケイバツ
軽微,ケイビ
敬服,ケイフク
警部,ケイブ
軽蔑,ケイベツ
軽便鉄道,ケイベンテツドウ
敬慕,ケイボ
刑務所,ケイムショ
形容,ケイヨウ
形容詞,ケイヨウシ
計略,ケイリャク
計量,ケイリョウ
経歴,ケイレキ
けいれん,ケイレン
痙攣,ケイレン
径路,ケイロ
けう,ケウ
稀有,ケウ
けが,ケガ
怪我,ケガ
毛皮,ケガワ
毛嫌い,ケギライ
怪訝,ケゲン
蹴込,ケコミ
けさ,ケサ
今朝,ケサ
けし,ケシ
けしき,ケシキ
景色,ケシキ
気色,ケシキ
化粧,ケショウ
けた,ケタ
けち,ケチ
結縁,ケチエン
血脈,ケチミャク
けっか,ケッカ
結果,ケッカ
結核,ケッカク
欠陥,ケッカン
けっき,ケッキ
蹶起,ケッキ
結局,ケッキョク
決行,ケッコウ
結構,ケッコウ
結婚,ケッコン
結婚式,ケッコンシキ
傑作,ケッサク
決勝,ケッショウ
結晶,ケッショウ
血色,ケッショク
決心,ケッシン
欠席,ケッセキ
血相,ケッソウ
決定,ケッテイ
結締,ケッテイ
欠点,ケッテン
血統,ケットウ
潔白,ケッパク
結髪,ケッパツ
けつ,ケツ
血液,ケツエキ
血縁,ケツエン
結合,ケツゴウ
欠如,ケツジョ
決然,ケツゼン
欠乏,ケツボウ
結末,ケツマツ
結論,ケツロン
毛唐,ケトウ
毛並み,ケナミ
懸念,ケネン
けむ,ケム
毛虫,ケムシ
芥屋,ケヤ
ケラ,ケラ
けり,ケリ
ケル,ケル
検案,ケンアン
検案書,ケンアンショ
権威,ケンイ
検印,ケンイン
喧嘩,ケンカ
懸崖,ケンガイ
嫌忌,ケンキ
研究,ケンキュウ
検挙,ケンキョ
嫌疑,ケンギ
兼業,ケンギョウ
顕現,ケンゲン
健康,ケンコウ
兼行,ケンコウ
堅固,ケンゴ
検査,ケンサ
検察,ケンサツ
見参,ケンザン
見識,ケンシキ
検出,ケンシュツ
検診,ケンシン
謙信,ケンシン
検事,ケンジ
堅実,ケンジツ
剣術,ケンジュツ
献上,ケンジョウ
賢人,ケンジン
謙遜,ケンソン
眷族,ケンゾク
見地,ケンチ
建築,ケンチク
顕著,ケンチョ
圏点,ケンテン
見当,ケントウ
兼任,ケンニン
けんのん,ケンノン
剣呑,ケンノン
建白,ケンパク
顕微鏡,ケンビキョウ
見物,ケンブツ
検分,ケンブン
見聞,ケンブン
絹布,ケンプ
けんぺい,ケンペイ
権柄,ケンペイ
健忘,ケンボウ
健忘症,ケンボウショウ
剣法,ケンポウ
剣幕,ケンマク
賢明,ケンメイ
けんらん,ケンラン
絢爛,ケンラン
権利,ケンリ
県立,ケンリツ
見料,ケンリョウ
芸妓,ゲイギ
鯨骨,ゲイコツ
芸者,ゲイシャ
芸術,ゲイジュツ
芸当,ゲイトウ
鯨波,ゲイハ
外科,ゲカ
下界,ゲカイ
げき,ゲキ
激化,ゲキカ
激情,ゲキジョウ
撃破,ゲキハ
激烈,ゲキレツ
下向,ゲコウ
下宿,ゲシュク
下手人,ゲシュニン
ゲジゲジ,ゲジゲジ
下水,ゲスイ
げた,ゲタ
下駄,ゲタ
月給,ゲッキュウ
月光,ゲッコウ
外道,ゲドウ
下品,ゲヒン
下痢,ゲリ
下略,ゲリャク
ゲル,ゲル
げん,ゲン
原因,ゲンイン
幻影,ゲンエイ
げんか,ゲンカ
幻怪,ゲンカイ
厳格,ゲンカク
幻覚,ゲンカク
玄関,ゲンカン
玄関払い,ゲンカンバライ
元気,ゲンキ
源吉,ゲンキチ
厳禁,ゲンキン
げんこ,ゲンコ
儼乎,ゲンコ
拳固,ゲンコ
原稿,ゲンコウ
げんこつ,ゲンコツ
拳骨,ゲンコツ
現今,ゲンコン
言語,ゲンゴ
現在,ゲンザイ
元始,ゲンシ
原始,ゲンシ
幻視,ゲンシ
原始時代,ゲンシジダイ
元首,ゲンシュ
厳守,ゲンシュ
厳粛,ゲンシュク
現出,ゲンシュツ
減少,ゲンショウ
現象,ゲンショウ
言辞,ゲンジ
現実,ゲンジツ
厳重,ゲンジュウ
現状,ゲンジョウ
原人,ゲンジン
原生,ゲンセイ
厳正,ゲンセイ
現世,ゲンセイ
言責,ゲンセキ
儼然,ゲンゼン
原則,ゲンソク
厳存,ゲンソン
幻像,ゲンゾウ
減退,ゲンタイ
現代,ゲンダイ
言動,ゲンドウ
現場,ゲンバ
厳秘,ゲンピ
言文,ゲンブン
原本,ゲンポン
厳密,ゲンミツ
玄妙,ゲンミョウ
厳命,ゲンメイ
言明,ゲンメイ
幻滅,ゲンメツ
原理,ゲンリ
言論,ゲンロン
眩惑,ゲンワク
故意,コイ
恋風,コイカゼ
恋敵,コイガタキ
小石,コイシ
こいつ,コイツ
恋人,コイビト
コイル,コイル
雇員,コイン
こう,コウ
コウ,コウ
高圧,コウアツ
行為,コウイ
光栄,コウエイ
後裔,コウエイ
校閲,コウエツ
講演,コウエン
香煙,コウエン
高遠,コウエン
鴻恩,コウオン
効果,コウカ
硬化,コウカ
高価,コウカ
後悔,コウカイ
狡猾,コウカツ
こうかん,コウカン
交感,コウカン
交換,コウカン
巷間,コウカン
高雅,コウガ
構外,コウガイ
厚顔無恥,コウガンムチ
好奇,コウキ
香気,コウキ
高貴,コウキ
考究,コウキュウ
高級,コウキュウ
交響楽,コウキョウガク
公儀,コウギ
講義,コウギ
興行,コウギョウ
航空,コウクウ
香具師,コウグシ
光景,コウケイ
後継,コウケイ
香華,コウゲ
高下,コウゲ
攻撃,コウゲキ
こうこ,コウコ
曠古,コウコ
江湖,コウコ
口腔,コウコウ
煌々,コウコウ
考古学,コウコガク
広告,コウコク
広告塔,コウコクトウ
恍惚,コウコツ
こうご,コウゴ
向後,コウゴ
こうごう,コウゴウ
交叉,コウサ
交錯,コウサク
絞殺,コウサツ
考察,コウサツ
講座,コウザ
高山,コウザン
孔子,コウシ
格子,コウシ
公式,コウシキ
後者,コウシャ
絞首,コウシュ
公衆,コウシュウ
口臭,コウシュウ
哄笑,コウショウ
考証,コウショウ
高唱,コウショウ
高尚,コウショウ
好色,コウショク
昂進,コウシン
工事,コウジ
後事,コウジ
高次,コウジ
口実,コウジツ
こうじゅ,コウジュ
口上,コウジョウ
向上,コウジョウ
工場,コウジョウ
向上心,コウジョウシン
好人物,コウジンブツ
香水,コウスイ
洪水,コウズイ
後世,コウセイ
校正,コウセイ
構成,コウセイ
好成績,コウセイセキ
功績,コウセキ
光線,コウセン
好戦,コウセン
構想,コウソウ
高速度,コウソクド
構造,コウゾウ
交代,コウタイ
後退,コウタイ
宏大,コウダイ
広大,コウダイ
後代,コウダイ
甲高,コウダカ
後段,コウダン
講談,コウダン
好男子,コウダンシ
校長,コウチョウ
高潮,コウチョウ
交通,コウツウ
好都合,コウツゴウ
皇帝,コウテイ
肯定,コウテイ
高低,コウテイ
好敵手,コウテキシュ
公転,コウテン
香典,コウデン
香奠,コウデン
喉頭,コウトウ
高等,コウトウ
後頭部,コウトウブ
荒唐無稽,コウトウムケイ
高度,コウド
行動,コウドウ
講堂,コウドウ
構内,コウナイ
後任,コウニン
高熱,コウネツ
後年,コウネン
後輩,コウハイ
荒廃,コウハイ
公判,コウハン
広汎,コウハン
後半,コウハン
交番,コウバン
口碑,コウヒ
公表,コウヒョウ
幸福,コウフク
口吻,コウフン
昂奮,コウフン
興奮,コウフン
後部,コウブ
好物,コウブツ
公平,コウヘイ
光芒,コウボウ
興亡,コウボウ
弘法大師,コウボウダイシ
光明,コウミョウ
巧妙,コウミョウ
小梅,コウメ
公明正大,コウメイセイダイ
コウモリ,コウモリ
校門,コウモン
香油,コウユ
紅葉,コウヨウ
甲羅,コウラ
公理,コウリ
考慮,コウリョ
行路,コウロ
功労,コウロウ
行路病者,コウロビョウシャ
古往今来,コオウコンライ
小男,コオトコ
木蔭,コカゲ
小型,コガタ
小刀,コガタナ
こがね,コガネ
小柄,コガラ
呼吸,コキュウ
故郷,コキョウ
黒衣,コクイ
虚空,コクウ
国語,コクゴ
黒色,コクショク
酷似,コクジ
国体,コクタイ
国道,コクドウ
告白,コクハク
国文学,コクブンガク
国宝,コクホウ
国立,コクリツ
酷烈,コクレツ
国老,コクロウ
小具足,コグソク
固形,コケイ
ここ,ココ
個々,ココ
此処,ココ
ここいら,ココイラ
心地,ココチ
ここら,ココラ
こころ,ココロ
心当り,ココロアタリ
心得,ココロエ
心構え,ココロガマエ
試み,ココロミ
心持,ココロモチ
心持ち,ココロモチ
心安立て,ココロヤスダテ
古今,ココン
故殺,コサツ
小雨,コサメ
こざ,コザ
小細工,コザイク
こざとへん,コザトヘン
腰板,コシイタ
腰帯,コシオビ
腰掛,コシカケ
固執,コシツ
腰縄,コシナワ
腰弁,コシベン
腰骨,コシボネ
腰巻,コシマキ
こしゃく,コシャク
小癪,コシャク
こしょう,コショウ
故障,コショウ
誇称,コショウ
古色,コショク
固辞,コジ
故事,コジ
乞食,コジキ
故事来歴,コジライレキ
個人,コジン
古人,コジン
小杉,コスギ
コスモス,コスモス
個性,コセイ
古蹟,コセキ
戸籍,コセキ
小僧,コゾウ
小僧っ子,コゾッコ
答え,コタエ
古代,コダイ
誇大妄想,コダイモウソウ
子宝,コダカラ
こだま,コダマ
コチ,コチ
誇張,コチョウ
こちら,コチラ
国家,コッカ
骨格,コッカク
国境,コッキョウ
コック,コック
滑稽,コッケイ
骨相,コッソウ
こっち,コッチ
こっとう,コットウ
骨董,コットウ
コップ,コップ
コツ,コツ
骨肉,コツニク
こづかい,コヅカイ
小使,コヅカイ
小遣,コヅカイ
小手,コテ
小手先,コテサキ
小手調べ,コテシラベ
こと,コト
コト,コト
糊塗,コト
事柄,コトガラ
今年,コトシ
事なき,コトナキ
ことば,コトバ
言葉,コトバ
事もなげ,コトモナゲ
小鳥,コトリ
ことわり,コトワリ
断り,コトワリ
鼓動,コドウ
孤独,コドク
こども,コドモ
子供,コドモ
こなし,コナシ
粉微塵,コナミジン
コノ,コノ
この間,コノカン
木の葉,コノハ
このみ,コノミ
好み,コノミ
この世,コノヨ
琥珀,コハク
小馬鹿,コバカ
コバルト,コバルト
小瓶,コビン
コブシ,コブシ
こぼれ,コボレ
こま,コマ
細か,コマカ
鼓膜,コマク
木枕,コマクラ
駒沢,コマザワ
こまち,コマチ
小町,コマチ
込み,コミ
濃緑,コミドリ
こめ,コメ
こめかみ,コメカミ
子守,コモリ
固有,コユウ
小指,コユビ
今宵,コヨイ
古来,コライ
孤立,コリツ
コルク,コルク
これ,コレ
これら,コレラ
コレラ,コレラ
ころ,コロ
殺し,コロシ
殺し合い,コロシアイ
コロンブス,コロンブス
声色,コワイロ
声高,コワダカ
こん,コン
コン,コン
懇意,コンイ
紺色,コンイロ
今回,コンカイ
紺飛白,コンガスリ
懇願,コンガン
今期,コンキ
根拠,コンキョ
コンクリート,コンクリート
混血,コンケツ
今月,コンゲツ
今後,コンゴ
混雑,コンザツ
今春,コンシュン
こんしん,コンシン
渾身,コンシン
こんじ,コンジ
今生,コンジョウ
根性,コンジョウ
昏睡,コンスイ
痕跡,コンセキ
混線,コンセン
溷濁,コンダク
根柢,コンテイ
昏倒,コントウ
今度,コンド
混同,コンドウ
困難,コンナン
コンニャク,コンニャク
混入,コンニュウ
魂魄,コンパク
コンパクト,コンパクト
こんぼう,コンボウ
棍棒,コンボウ
根本,コンポン
昏迷,コンメイ
今夜,コンヤ
混乱,コンラン
建立,コンリュウ
コート,コート
コード,コード
合一,ゴウイツ
号外,ゴウガイ
豪気,ゴウキ
号泣,ゴウキュウ
豪傑,ゴウケツ
傲然,ゴウゼン
轟然,ゴウゼン
豪族,ゴウゾク
豪農,ゴウノウ
業報,ゴウホウ
拷問,ゴウモン
合理,ゴウリ
護衛,ゴエイ
五右衛門,ゴエモン
誤解,ゴカイ
五官,ゴカン
語学,ゴガク
五月,ゴガツ
語気,ゴキ
御機嫌,ゴキゲン
五行,ゴギョウ
極悪,ゴクアク
極彩色,ゴクサイショク
極上,ゴクジョウ
極秘,ゴクヒ
極楽,ゴクラク
極楽浄土,ゴクラクジョウド
御苦労,ゴクロウ
後家,ゴケ
語源,ゴゲン
後光,ゴコウ
心地,ゴコチ
ごころ,ゴコロ
午后,ゴゴ
午後,ゴゴ
五言,ゴゴン
御沙汰,ゴサタ
誤算,ゴサン
五指,ゴシ
越し,ゴシ
後生,ゴショウ
誤診,ゴシン
護身,ゴシン
御新造,ゴシンゾウ
後日,ゴジツ
五十歩百歩,ゴジュッポヒャッポ
御仁,ゴジン
午睡,ゴスイ
牛頭,ゴズ
語勢,ゴセイ
午前,ゴゼン
御前,ゴゼン
五臓六腑,ゴゾウロップ
御存じ,ゴゾンジ
御存知,ゴゾンジ
五体,ゴタイ
誤伝,ゴデン
ごと,ゴト
如く,ゴトク
如し,ゴトシ
ゴトー,ゴトー
悟道,ゴドウ
誤認,ゴニン
御飯,ゴハン
呉服,ゴフク
胡粉,ゴフン
五分,ゴブ
御無沙汰,ゴブサタ
午砲,ゴホウ
ごま,ゴマ
胡麻,ゴマ
胡麻塩,ゴマシオ
ごみ,ゴミ
ゴミ,ゴミ
塵芥,ゴミ
ゴム,ゴム
護謨,ゴム
御免,ゴメン
御用,ゴヨウ
御覧,ゴラン
五里霧中,ゴリムチュウ
ごろ,ゴロ
五郎,ゴロウ
殺し,ゴロシ
ゴワゴワ,ゴワゴワ
権化,ゴンゲ
権現,ゴンゲン
ゴー,ゴー
さい,サイ
最愛,サイアイ
斎戒,サイカイ
西海,サイカイ
彩管,サイカン
際涯,サイガイ
最近,サイキン
細菌,サイキン
妻君,サイクン
裁決,サイケツ
債権,サイケン
歳月,サイゲツ
再現,サイゲン
最古,サイコ
最高,サイコウ
最高潮,サイコウチョウ
最後,サイゴ
妻子,サイシ
彩色,サイシキ
採取,サイシュ
最終,サイシュウ
最初,サイショ
最小限,サイショウゲン
最新,サイシン
最深,サイシン
細心,サイシン
妻女,サイジョ
最上,サイジョウ
祭神,サイジン
さいせん,サイセン
賽銭,サイセン
最前,サイゼン
催促,サイソク
妻帯,サイタイ
最大,サイダイ
細大,サイダイ
才智,サイチ
最中,サイチュウ
斎藤,サイトウ
災難,サイナン
最年少,サイネンショウ
才能,サイノウ
再発,サイハツ
裁判,サイバン
裁判官,サイバンカン
裁判所,サイバンショ
祭文,サイブン
裁縫,サイホウ
細胞,サイボウ
催眠,サイミン
再来,サイライ
サイレン,サイレン
幸い,サイワイ
冴え,サエ
さかい,サカイ
境い目,サカイメ
逆さ,サカサ
逆様,サカサマ
さかずき,サカズキ
さかな,サカナ
酒屋,サカヤ
左官,サカン
盛ん,サカン
さき,サキ
左記,サキ
先々,サキザキ
先程,サキホド
詐欺,サギ
作業,サギョウ
錯誤,サクゴ
嘖々,サクサク
作者,サクシャ
搾取,サクシュ
朔日,サクジツ
作成,サクセイ
作製,サクセイ
昨年,サクネン
昨晩,サクバン
作品,サクヒン
昨夜,サクヤ
錯乱,サクラン
策略,サクリャク
探り,サグリ
さけ,サケ
酒肴,サケサカナ
叫び,サケビ
叫び声,サケビゴエ
差遣,サケン
下げ,サゲ
ササ,ササ
些細,ササイ
ささや,ササヤ
さし,サシ
差し,サシ
指図,サシズ
差支え,サシツカエ
差止め,サシドメ
差向い,サシムカイ
指物屋,サシモノヤ
差渡し,サシワタシ
さじ,サジ
詐術,サジュツ
流石,サスガ
刺叉,サスマタ
誘い,サソイ
沙汰,サタ
サタン,サタン
作歌,サッカ
錯覚,サッカク
さっき,サッキ
サック,サック
さっこう,サッコウ
昨今,サッコン
冊子,サッシ
察し,サッシ
さっしょう,サッショウ
殺傷,サッショウ
察知,サッチ
撮影,サツエイ
さつき,サツキ
五月晴,サツキバレ
殺人,サツジン
さと,サト
さなか,サナカ
サハラ,サハラ
さば,サバ
砂漠,サバク
さび,サビ
差別,サベツ
作法,サホウ
さま,サマ
サマ,サマ
様々,サマザマ
妨げ,サマタゲ
寒気,サムケ
左右,サユウ
作用,サヨウ
左様,サヨウ
さら,サラ
サラ,サラ
サラダ,サラダ
サリ,サリ
さりげ,サリゲ
さり気,サリゲ
さる,サル
さわ,サワ
騒ぎ,サワギ
早良,サワラ
さん,サン
参加,サンカ
山窩,サンカ
山海,サンカイ
三角,サンカク
参観,サンカン
三界,サンガイ
三月,サンガツ
参詣,サンケイ
散見,サンケン
惨劇,サンゲキ
参考,サンコウ
珊瑚,サンゴ
散在,サンザイ
散々,サンザン
参集,サンシュウ
参照,サンショウ
惨事,サンジ
産児,サンジ
山人,サンジン
山水,サンスイ
賛成,サンセイ
山積,サンセキ
燦然,サンゼン
三千世界,サンゼンセカイ
三太郎,サンタロウ
惨憺,サンタン
算段,サンダン
山中,サンチュウ
三男,サンナン
三拝九拝,サンパイキュウハイ
散髪,サンパツ
産物,サンブツ
三碧,サンペキ
三本木,サンボンギ
散歩,サンポ
三昧,サンマイ
山脈,サンミャク
山門,サンモン
散乱,サンラン
山林,サンリン
参列,サンレツ
サーチライト,サーチライト
罪悪,ザイアク
細工,ザイク
罪業,ザイゴウ
財産,ザイサン
罪障,ザイショウ
罪責,ザイセキ
罪跡,ザイセキ
在任,ザイニン
罪人,ザイニン
材木,ザイモク
材料,ザイリョウ
盛り,ザカリ
座敷,ザシキ
座敷牢,ザシキロウ
座像,ザゾウ
ザック,ザック
雑誌,ザッシ
雑多,ザッタ
雑談,ザツダン
朱欒,ザボン
ざま,ザマ
座右,ザユウ
ざら,ザラ
ざる,ザル
ザワザワ,ザワザワ
ざわめき,ザワメキ
残骸,ザンガイ
残虐,ザンギャク
ざんげ,ザンゲ
懺悔,ザンゲ
残酷,ザンコク
惨殺,ザンサツ
惨死,ザンシ
暫時,ザンジ
残存,ザンソン
残忍,ザンニン
残念,ザンネン
残留,ザンリュウ
仕合,シアイ
しあわせ,シアワセ
思案,シアン
シイ,シイ
四囲,シイ
思惟,シイ
仕入れ,シイレ
死因,シイン
仕打ち,シウチ
潮合,シオアイ
仕置,シオキ
仕置き,シオキ
潮水,シオミズ
しか,シカ
歯科,シカ
斯界,シカイ
視覚,シカク
資格,シカク
四角四面,シカクシメン
仕掛,シカケ
仕掛け,シカケ
シカゴ,シカゴ
云々,シカジカ
しかた,シカタ
仕方,シカタ
しかん,シカン
弛緩,シカン
屍骸,シガイ
市外,シガイ
市街,シガイ
死骸,シガイ
史学,シガク
四月,シガツ
志願,シガン
しき,シキ
シキ,シキ
四季,シキ
指揮,シキ
敷石,シキイシ
色彩,シキサイ
式場,シキジョウ
色情,シキジョウ
式微,シキビ
子宮,シキュウ
仕儀,シギ
歯齦,シギン
死刑,シケイ
試験,シケン
試験管,シケンカン
刺戟,シゲキ
死後,シゴ
至極,シゴク
仕事,シゴト
仔細,シサイ
資産,シサン
獅子,シシ
子々孫々,シシソンソン
死者,シシャ
ししゅう,シシュウ
刺繍,シシュウ
私淑,シシュク
思春,シシュン
死傷,シショウ
視神経,シシンケイ
指示,シジ
支持,シジ
史実,シジツ
しじま,シジマ
市場,シジョウ
紙上,シジョウ
詩人,シジン
シスコ,シスコ
しず,シズ
しずか,シズカ
静か,シズカ
静けさ,シズケサ
姿勢,シセイ
死生,シセイ
私生児,シセイジ
視線,シセン
自然,シゼン
始祖,シソ
思想,シソウ
子孫,シソン
姿態,シタイ
屍体,シタイ
死体,シタイ
肢体,シタイ
下絵,シタエ
下着,シタギ
支度,シタク
下心,シタゴコロ
親しみ,シタシミ
下敷,シタジキ
したたか,シタタカ
仕立,シタテ
舌なめずり,シタナメズリ
下役,シタヤク
次第,シダイ
仕出し,シダシ
七月,シチガツ
七さん,シチサン
七転八倒,シチテンバットウ
七面鳥,シチメンチョウ
市中,シチュウ
視聴,シチョウ
司直,シチョク
しっか,シッカ
悉皆屋,シッカイヤ
失格,シッカク
疾患,シッカン
しっくい,シックイ
漆喰,シックイ
失敬,シッケイ
疾呼,シッコ
執行,シッコウ
失職,シッショク
失神,シッシン
疾走,シッソウ
しった,シッタ
叱咤,シッタ
知ったか振り,シッタカブリ
嫉妬,シット
執刀,シットウ
失敗,シッパイ
しっぽ,シッポ
尻尾,シッポ
質実,シツジツ
室内,シツナイ
失望,シツボウ
質問,シツモン
執拗,シツヨウ
失礼,シツレイ
失恋,シツレン
しづ,シヅ
指定,シテイ
指摘,シテキ
私的,シテキ
至徳,シトク
指導,シドウ
しな,シナ
市内,シナイ
品物,シナモノ
シナリオ,シナリオ
至難,シナン
死物狂い,シニモノグルイ
死人,シニン
しの,シノ
シノ,シノ
しのぎ,シノギ
支配,シハイ
師範,シハン
死斑,シハン
しば,シバ
芝居,シバイ
しばかり,シバカリ
私費,シヒ
脂粉,シフン
しぶき,シブキ
飛沫,シブキ
死物,シブツ
四壁,シヘキ
死別,シベツ
司法,シホウ
四方,シホウ
至宝,シホウ
司法官,シホウカン
四方八方,シホウハッポウ
資本,シホン
しぼ,シボ
脂肪,シボウ
しま,シマ
仕舞,シマイ
姉妹,シマイ
島田,シマダ
始末,シマツ
締り,シマリ
しみ,シミ
シミ,シミ
市民,シミン
しめ,シメ
締め,シメ
使命,シメイ
死命,シメイ
氏名,シメイ
死滅,シメツ
霜月,シモヅキ
霜降り,シモフリ
指紋,シモン
釈迦,シャカ
社会,シャカイ
釈迦牟尼,シャカムニ
しゃが,シャガ
しゃく,シャク
爵位,シャクイ
釈放,シャクホウ
借家,シャクヤ
しゃくやく,シャクヤク
社交,シャコウ
謝罪,シャザイ
写真,シャシン
写実,シャジツ
写生,シャセイ
遮断,シャダン
シャッポ,シャッポ
シャツ,シャツ
這般,シャハン
娑婆,シャバ
シャボン,シャボン
三味線,シャミセン
斜面,シャメン
洒落,シャレ
謝礼,シャレイ
シャン,シャン
シャーロック,シャーロック
市役所,シヤクショ
しゅう,シュウ
周囲,シュウイ
習慣,シュウカン
週間,シュウカン
臭気,シュウキ
宗教,シュウキョウ
終極,シュウキョク
修業,シュウギョウ
祝言,シュウゲン
秀才,シュウサイ
蒐集,シュウシュウ
周章,シュウショウ
就職,シュウショク
就寝,シュウシン
秋日,シュウジツ
衆人,シュウジン
修正,シュウセイ
習性,シュウセイ
集積,シュウセキ
修繕,シュウゼン
集団,シュウダン
周知,シュウチ
羞恥,シュウチ
集中,シュウチュウ
周到,シュウトウ
収入,シュウニュウ
就任,シュウニン
執念,シュウネン
習癖,シュウヘキ
周密,シュウミツ
衆目,シュウモク
収容,シュウヨウ
終了,シュウリョウ
主観,シュカン
手記,シュキ
酒気,シュキ
首級,シュキュウ
主義,シュギ
しゅぎょう,シュギョウ
珠玉,シュギョク
祝賀,シュクガ
宿所,シュクショ
淑女,シュクジョ
縮図,シュクズ
宿直,シュクチョク
祝福,シュクフク
宿命,シュクメイ
主君,シュクン
修験,シュゲン
首肯,シュコウ
主旨,シュシ
種子,シュシ
しゅしょう,シュショウ
主唱,シュショウ
殊勝,シュショウ
酒色,シュショク
朱唇,シュシン
種々,シュジュ
手術,シュジュツ
主人,シュジン
主人公,シュジンコウ
繻子,シュス
首席,シュセキ
種族,シュゾク
主体,シュタイ
主題,シュダイ
手段,シュダン
手中,シュチュウ
主張,シュチョウ
出勤,シュッキン
出血,シュッケツ
出生,シュッショウ
出身,シュッシン
出世,シュッセ
出席,シュッセキ
出張,シュッチョウ
出頭,シュットウ
出奔,シュッポン
しゅつ,シュツ
出演,シュツエン
出現,シュツゲン
出入,シュツニュウ
出没,シュツボツ
首都,シュト
主任,シュニン
酒杯,シュハイ
首尾,シュビ
主婦,シュフ
手法,シュホウ
趣味,シュミ
しゅもく,シュモク
撞木杖,シュモクヅエ
主役,シュヤク
須臾,シュユ
主要,シュヨウ
修羅,シュラ
酒乱,シュラン
狩猟,シュリョウ
首領,シュリョウ
種類,シュルイ
手練,シュレン
手腕,シュワン
瞬間,シュンカン
春季,シュンキ
しょ,ショ
背負い上げ,ショイアゲ
しょう,ショウ
しょうあい,ショウアイ
鍾愛,ショウアイ
掌握,ショウアク
唱歌,ショウカ
消化,ショウカ
紹介,ショウカイ
傷害,ショウガイ
生涯,ショウガイ
障害,ショウガイ
小学,ショウガク
正覚,ショウガク
小学生,ショウガクセイ
小学校,ショウガッコウ
正月,ショウガツ
賞翫,ショウガン
正気,ショウキ
消極,ショウキョク
娼妓,ショウギ
証言,ショウゲン
証拠,ショウコ
正午,ショウゴ
照合,ショウゴウ
称号,ショウゴウ
証左,ショウサ
詳細,ショウサイ
焼死,ショウシ
消失,ショウシツ
傷者,ショウシャ
正真正銘,ショウシンショウメイ
しょうじ,ショウジ
少時,ショウジ
障子,ショウジ
正直,ショウジキ
精舎,ショウジャ
少女,ショウジョ
症状,ショウジョウ
証跡,ショウセキ
小説,ショウセツ
悄然,ショウゼン
焦燥,ショウソウ
消息,ショウソク
肖像,ショウゾウ
装束,ショウゾク
正体,ショウタイ
承知,ショウチ
小腸,ショウチョウ
象徴,ショウチョウ
祥月,ショウツキ
小店,ショウテン
焦点,ショウテン
衝天,ショウテン
生得,ショウトク
聖徳太子,ショウトクタイシ
衝突,ショウトツ
聳動,ショウドウ
衝動,ショウドウ
消毒,ショウドク
小児,ショウニ
しょうにん,ショウニン
上人,ショウニン
証人,ショウニン
焦熱,ショウネツ
少年,ショウネン
小脳,ショウノウ
樟脳,ショウノウ
しょうは,ショウハ
翔破,ショウハ
松柏,ショウハク
商売,ショウバイ
しょうふく,ショウフク
妾腹,ショウフク
勝負,ショウブ
性分,ショウブン
障壁,ショウヘキ
小便,ショウベン
消防,ショウボウ
称名,ショウミョウ
正銘,ショウメイ
証明,ショウメイ
消滅,ショウメツ
生滅,ショウメツ
正面,ショウメン
消耗,ショウモウ
証文,ショウモン
醤油,ショウユ
小用,ショウヨウ
逍遥,ショウヨウ
将来,ショウライ
勝利,ショウリ
省略,ショウリャク
焦慮,ショウリョ
詳論,ショウロン
昭和,ショウワ
書画,ショガ
書記,ショキ
所業,ショギョウ
しょく,ショク
職業,ショクギョウ
食指,ショクシ
食事,ショクジ
燭台,ショクダイ
食道,ショクドウ
食肉,ショクニク
職人,ショクニン
植物,ショクブツ
食物,ショクモツ
食慾,ショクヨク
食料,ショクリョウ
諸君,ショクン
書庫,ショコ
諸国,ショコク
初号,ショゴウ
所作,ショサ
所在,ショザイ
所在地,ショザイチ
諸氏,ショシ
書式,ショシキ
初出,ショシュツ
処々,ショショ
書信,ショシン
所持,ショジ
初旬,ショジュン
処女,ショジョ
所存,ショゾン
所帯,ショタイ
初対面,ショタイメン
処置,ショチ
暑中,ショチュウ
食器,ショッキ
ショック,ショック
職権,ショッケン
燭光,ショッコウ
書店,ショテン
諸点,ショテン
諸般,ショハン
処分,ショブン
署名,ショメイ
書物,ショモツ
所有,ショユウ
書類,ショルイ
緒論,ショロン
ショー,ショー
しよう,シヨウ
仕様,シヨウ
使用,シヨウ
しようが,シヨウガ
私慾,シヨク
しら,シラ
白河,シラカワ
しらが,シラガ
白髪染,シラガゾメ
白木,シラキ
知らず,シラズ
知らぬ顔,シラヌカオ
調べ,シラベ
白木綿,シラユウ
知らん顔,シランカオ
しり,シリ
私利,シリ
知り合い,シリアイ
私立,シリツ
尻餅,シリモチ
思慮,シリョ
史料,シリョウ
死霊,シリョウ
資料,シリョウ
死力,シリョク
視力,シリョク
しるし,シルシ
シロ,シロ
しろうと,シロウト
素人,シロウト
白絣,シロガスリ
白黒,シロクロ
白布,シロヌノ
代物,シロモノ
しわ,シワ
しん,シン
シン,シン
新案,シンアン
深遠,シンエン
心音,シンオン
臣下,シンカ
進化,シンカ
しんかん,シンカン
森閑,シンカン
神官,シンカン
しんがい,シンガイ
震駭,シンガイ
新規,シンキ
神気,シンキ
心機一転,シンキイッテン
心境,シンキョウ
親近,シンキン
呻吟,シンギン
辛苦,シンク
真空,シンクウ
寝具,シング
神経,シンケイ
神経質,シンケイシツ
心血,シンケツ
真剣,シンケン
新月,シンゲツ
真個,シンコ
しんこう,シンコウ
新興,シンコウ
深更,シンコウ
進行,シンコウ
深呼吸,シンコキュウ
深刻,シンコク
新婚,シンコン
真言秘密,シンゴンヒミツ
審査,シンサ
診察,シンサツ
しんし,シンシ
紳士,シンシ
進士,シンシ
新式,シンシキ
寝室,シンシツ
伸縮,シンシュク
神出鬼没,シンシュツキボツ
寝食,シンショク
心事,シンジ
真実,シンジツ
心中,シンジュウ
心情,シンジョウ
真情,シンジョウ
身上,シンジョウ
信心,シンジン
新人,シンジン
新生,シンセイ
神聖,シンセイ
親戚,シンセキ
新設,シンセツ
親切,シンセツ
親切気,シンセツギ
新鮮,シンセン
神前,シンゼン
深窓,シンソウ
真相,シンソウ
心底,シンソコ
心臓,シンゾウ
真諦,シンタイ
身体,シンタイ
しんたん,シンタン
薪炭,シンタン
寝台,シンダイ
身代,シンダイ
診断,シンダン
真鍮,シンチュウ
深長,シンチョウ
身長,シンチョウ
しんちょく,シンチョク
進捗,シンチョク
新陳代謝,シンチンタイシャ
心的,シンテキ
親展,シンテン
進展,シンテン
しんとう,シントウ
心頭,シントウ
深度,シンド
震動,シンドウ
しんにゅう,シンニュウ
真如,シンニョ
新任,シンニン
信念,シンネン
真犯人,シンハンニン
神罰,シンバツ
新派,シンパ
心配,シンパイ
審判,シンパン
神秘,シンピ
新品,シンピン
神仏,シンブツ
新聞,シンブン
新聞紙,シンブンシ
神変,シンペン
しんぼう,シンボウ
心棒,シンボウ
進歩,シンポ
新報,シンポウ
新米,シンマイ
親身,シンミ
親密,シンミツ
深夜,シンヤ
親友,シンユウ
信用,シンヨウ
しんらつ,シンラツ
辛辣,シンラツ
森羅万象,シンラバンショウ
審理,シンリ
心理,シンリ
真理,シンリ
深緑,シンリョク
親類,シンルイ
心霊,シンレイ
進路,シンロ
新郎,シンロウ
神話,シンワ
シーク,シーク
シーツ,シーツ
慈愛,ジアイ
爺さん,ジイサン
寺院,ジイン
ジェリー,ジェリー
自演,ジエン
時価,ジカ
自家,ジカ
自覚,ジカク
時間,ジカン
自我,ジガ
地紙,ジガミ
じき,ジキ
時季,ジキ
時期,ジキ
時機,ジキ
事業,ジギョウ
時空,ジクウ
字形,ジケイ
次兄,ジケイ
自決,ジケツ
事件,ジケン
次元,ジゲン
自己,ジコ
事項,ジコウ
時候,ジコウ
次項,ジコウ
時刻,ジコク
事後,ジゴ
爾後,ジゴ
寺号,ジゴウ
地獄,ジゴク
自作,ジサク
自殺,ジサツ
持参,ジサン
じざ,ジザ
自在,ジザイ
地境,ジザカイ
自失,ジシツ
自室,ジシツ
自習,ジシュウ
事象,ジショウ
自称,ジショウ
辞職,ジショク
地震,ジシン
自信,ジシン
自身,ジシン
じじい,ジジイ
時々刻々,ジジコクコク
事実,ジジツ
時日,ジジツ
侍女,ジジョ
児女,ジジョ
事情,ジジョウ
自縄自縛,ジジョウジバク
じじん,ジジン
時人,ジジン
自省,ジセイ
事跡,ジセキ
事蹟,ジセキ
自席,ジセキ
時節,ジセツ
慈善,ジゼン
自尊心,ジソンシン
地蔵,ジゾウ
字体,ジタイ
自体,ジタイ
支度,ジタク
自宅,ジタク
耳朶,ジダ
時代,ジダイ
時代遅れ,ジダイオクレ
じだんだ,ジダンダ
地団駄,ジダンダ
自重,ジチョウ
実家,ジッカ
実感,ジッカン
実況,ジッキョウ
実権,ジッケン
実見,ジッケン
実験,ジッケン
実行,ジッコウ
実子,ジッシ
実相,ジッソウ
実地,ジッチ
実演,ジツエン
日月,ジツゲツ
実現,ジツゲン
実在,ジツザイ
実情,ジツジョウ
実像,ジツゾウ
実物,ジツブツ
実母,ジツボ
実例,ジツレイ
字詰め,ジヅメ
字典,ジテン
自転,ジテン
自転車,ジテンシャ
じとく,ジトク
自動,ジドウ
自動車,ジドウシャ
自白,ジハク
時半,ジハン
似非,ジヒ
慈悲,ジヒ
自費,ジヒ
辞表,ジヒョウ
耳鼻,ジビ
持病,ジビョウ
持仏,ジブツ
時分,ジブン
自分,ジブン
自分勝手,ジブンガッテ
事変,ジヘン
じまい,ジマイ
字幕,ジマク
自慢,ジマン
じみ,ジミ
ジミ,ジミ
地道,ジミチ
事務,ジム
自明,ジメイ
自滅,ジメツ
地面,ジメン
耳目,ジモク
邪悪,ジャアク
じゃがたら,ジャガタラ
弱点,ジャクテン
ジャズ,ジャズ
若干,ジャッカン
邪法,ジャホウ
邪魔,ジャマ
じゅう,ジュウ
重囲,ジュウイ
十一月,ジュウイチガツ
縦横,ジュウオウ
縦横無尽,ジュウオウムジン
十月,ジュウガツ
住居,ジュウキョ
充血,ジュウケツ
住所,ジュウショ
重傷,ジュウショウ
住職,ジュウショク
住持,ジュウジ
十字,ジュウジ
従事,ジュウジ
十字架,ジュウジカ
充実,ジュウジツ
重々,ジュウジュウ
重態,ジュウタイ
重大,ジュウダイ
柔道,ジュウドウ
十二月,ジュウニガツ
重複,ジュウフク
充分,ジュウブン
十分,ジュウブン
従妹,ジュウマイ
充満,ジュウマン
十万億土,ジュウマンオクド
住民,ジュウミン
重要,ジュウヨウ
従来,ジュウライ
重量,ジュウリョウ
じゅうりん,ジュウリン
蹂躙,ジュウリン
熟字,ジュクジ
熟睡,ジュクスイ
塾生,ジュクセイ
熟知,ジュクチ
じゅず,ジュズ
十中八九,ジュッチュウハック
術語,ジュツゴ
じゅばん,ジュバン
呪法,ジュホウ
寿命,ジュミョウ
呪文,ジュモン
樹立,ジュリツ
じゅん,ジュン
循環,ジュンカン
純潔,ジュンケツ
巡査,ジュンサ
純真,ジュンシン
順々,ジュンジュン
順序,ジュンジョ
純情,ジュンジョウ
純粋,ジュンスイ
純正,ジュンセイ
純然,ジュンゼン
純忠,ジュンチュウ
順調,ジュンチョウ
準備,ジュンビ
純美,ジュンビ
遵奉,ジュンポウ
巡遊,ジュンユウ
順良,ジュンリョウ
巡礼,ジュンレイ
自由,ジユウ
自由自在,ジユウジザイ
城下,ジョウカ
浄化,ジョウカ
常軌,ジョウキ
上京,ジョウキョウ
状況,ジョウキョウ
情景,ジョウケイ
条件,ジョウケン
上下,ジョウゲ
情交,ジョウコウ
じょうご,ジョウゴ
上戸,ジョウゴ
情死,ジョウシ
常識,ジョウシキ
浄書,ジョウショ
情実,ジョウジツ
常住不断,ジョウジュウフダン
常人,ジョウジン
上手,ジョウズ
乗船,ジョウセン
饒舌,ジョウゼツ
上体,ジョウタイ
情態,ジョウタイ
状態,ジョウタイ
上段,ジョウダン
冗談,ジョウダン
情緒,ジョウチョ
上等,ジョウトウ
常套,ジョウトウ
浄土,ジョウド
場内,ジョウナイ
情人,ジョウニン
情熱,ジョウネツ
上膊,ジョウハク
蒸発,ジョウハツ
上半身,ジョウハンシン
上品,ジョウヒン
情婦,ジョウフ
上部,ジョウブ
成仏,ジョウブツ
常雇,ジョウヤトイ
剰余,ジョウヨ
情慾,ジョウヨク
上覧,ジョウラン
場裡,ジョウリ
上陸,ジョウリク
上流,ジョウリュウ
じょうろ,ジョウロ
女王,ジョオウ
除外,ジョガイ
女学生,ジョガクセイ
女学校,ジョガッコウ
助教授,ジョキョウジュ
徐行,ジョコウ
女史,ジョシ
女子,ジョシ
女子大,ジョシダイ
助手,ジョシュ
じょじ,ジョジ
如上,ジョジョウ
女性,ジョセイ
女優,ジョユウ
爾余,ジヨ
滋養,ジヨウ
侍立,ジリツ
事例,ジレイ
じん,ジン
ジン,ジン
塵埃,ジンアイ
人為,ジンイ
じんかい,ジンカイ
人格,ジンカク
人工,ジンコウ
人士,ジンシ
人種,ジンシュ
人心,ジンシン
人身,ジンシン
仁慈,ジンジ
人事不省,ジンジフセイ
神社,ジンジャ
尋常,ジンジョウ
尋常一様,ジンジョウイチヨウ
神水,ジンズイ
人生,ジンセイ
迅速,ジンソク
人造,ジンゾウ
人体,ジンタイ
人智,ジンチ
陣痛,ジンツウ
人的,ジンテキ
人道,ジンドウ
人道的,ジンドウテキ
人馬,ジンバ
陣羽織,ジンバオリ
人物,ジンブツ
人民,ジンミン
訊問,ジンモン
人力,ジンリキ
人力車,ジンリキシャ
人類,ジンルイ
素足,スアシ
推移,スイイ
すいえん,スイエン
垂下,スイカ
酔漢,スイカン
遂行,スイコウ
推察,スイサツ
水車,スイシャ
水晶,スイショウ
衰弱,スイジャク
水準,スイジュン
水蒸気,スイジョウキ
推薦,スイセン
推測,スイソク
水族館,スイゾクカン
推断,スイダン
推知,スイチ
垂直,スイチョク
スイッチ,スイッチ
推定,スイテイ
水滴,スイテキ
水道,スイドウ
水平,スイヘイ
衰亡,スイボウ
睡眠,スイミン
睡眠薬,スイミンヤク
水面,スイメン
推理,スイリ
水陸,スイリク
推量,スイリョウ
推論,スイロン
スイートホーム,スイートホーム
数学,スウガク
崇高,スウコウ
数行,スウコウ
数字,スウジ
数多,スウタ
崇拝,スウハイ
すえ,スエ
すか,スカ
透かし,スカシ
姿見,スガタミ
菅原,スガワラ
すき,スキ
好き,スキ
隙間,スキマ
スキー,スキー
過ぎ,スギ
スクリーン,スクリーン
直ぐ,スグ
スケッチ,スケッチ
すけべい,スケベイ
スケール,スケール
スコッチ,スコッチ
すこやか,スコヤカ
すごみ,スゴミ
凄味,スゴミ
すさ,スサ
すじ,スジ
スジ,スジ
筋書,スジガキ
筋違い,スジチガイ
筋道,スジミチ
素性,スジョウ
すす,スス
鈴木,スズキ
すずめ,スズメ
すそ,スソ
裾模様,スソモヨウ
スタイル,スタイル
スター,スター
スタート,スタート
すっぽん,スッポン
ステ,ステ
すてき,ステキ
ステキ,ステキ
素敵,ステキ
ステッキ,ステッキ
ステップ,ステップ
ステーション,ステーション
素手,スデ
スト,スト
ストップ,ストップ
ストーブ,ストーブ
ストーリー,ストーリー
素直,スナオ
砂地,スナジ
砂場,スナバ
すね,スネ
簀子,スノコ
素肌,スハダ
スピード,スピード
スフィンクス,スフィンクス
すべ,スベ
すべて,スベテ
スポンジ,スポンジ
スポーツ,スポーツ
すま,スマ
すみ,スミ
墨色,スミイロ
すみか,スミカ
隅々,スミズミ
隅っこ,スミッコ
スラブ,スラブ
すり,スリ
スリ,スリ
掏摸,スリ
すりガラス,スリガラス
擦傷,スリキズ
スリッパ,スリッパ
刷物,スリモノ
スレスレ,スレスレ
スローガン,スローガン
スロープ,スロープ
座り,スワリ
すんで,スンデ
寸分,スンブン
寸法,スンポウ
スー,スー
ズイ,ズイ
随意,ズイイ
随一,ズイイチ
随喜,ズイキ
随所,ズイショ
随筆,ズイヒツ
図画,ズガ
頭蓋骨,ズガイコツ
ずきん,ズキン
頭巾,ズキン
ずく,ズク
ずくめ,ズクメ
頭骨,ズコツ
ずし,ズシ
厨子,ズシ
頭痛,ズツウ
頭脳,ズノウ
図星,ズボシ
ズボン,ズボン
ずみ,ズミ
済み,ズミ
ずり,ズリ
刷り,ズリ
ずる,ズル
せい,セイ
誠意,セイイ
精鋭,セイエイ
声援,セイエン
成果,セイカ
政界,セイカイ
性格,セイカク
正確,セイカク
生活,セイカツ
青眼,セイガン
世紀,セイキ
正規,セイキ
請求,セイキュウ
正義,セイギ
制御,セイギョ
整形,セイケイ
制限,セイゲン
誓言,セイゲン
性交,セイコウ
成功,セイコウ
清光,セイコウ
精巧,セイコウ
精魂,セイコン
制裁,セイサイ
正妻,セイサイ
精細,セイサイ
制作,セイサク
製作,セイサク
凄惨,セイサン
清算,セイサン
生産,セイサン
世子,セイシ
制止,セイシ
正史,セイシ
正視,セイシ
生死,セイシ
静止,セイシ
正式,セイシキ
性質,セイシツ
聖書,セイショ
生殖,セイショク
星辰,セイシン
精神,セイシン
精神病,セイシンビョウ
政治,セイジ
静寂,セイジャク
成熟,セイジュク
せいじょう,セイジョウ
清浄,セイジョウ
成人,セイジン
盛衰,セイスイ
せいせい,セイセイ
清々,セイセイ
成績,セイセキ
凄絶,セイゼツ
整然,セイゼン
生前,セイゼン
せいそ,セイソ
清楚,セイソ
せいそう,セイソウ
悽愴,セイソウ
盛装,セイソウ
棲息,セイソク
製造,セイゾウ
生存,セイゾン
青黛,セイタイ
西端,セイタン
精緻,セイチ
精虫,セイチュウ
成長,セイチョウ
生長,セイチョウ
精通,セイツウ
性的,セイテキ
政敵,セイテキ
晴天,セイテン
青天の霹靂,セイテンノヘキレキ
生徒,セイト
正当,セイトウ
正統,セイトウ
整頓,セイトン
制度,セイド
政道,セイドウ
青年,セイネン
生年月日,セイネンガッピ
性能,セイノウ
正反対,セイハンタイ
征伐,セイバツ
政府,セイフ
制服,セイフク
征服,セイフク
生物,セイブツ
成分,セイブン
性癖,セイヘキ
西方,セイホウ
歳暮,セイボ
聖母,セイボ
制帽,セイボウ
精密,セイミツ
精妙,セイミョウ
姓名,セイメイ
生命,セイメイ
正門,セイモン
せいや,セイヤ
西洋,セイヨウ
静養,セイヨウ
性慾,セイヨク
整理,セイリ
生理,セイリ
生理学,セイリガク
成立,セイリツ
清流,セイリュウ
勢力,セイリョク
精力,セイリョク
せいれつ,セイレツ
清冽,セイレツ
晴朗,セイロウ
背負,セオイ
世界,セカイ
世界一,セカイイチ
世界中,セカイジュウ
施餓鬼,セガキ
せがれ,セガレ
せき,セキ
石英,セキエイ
席上,セキジョウ
石像,セキゾウ
石造,セキゾウ
石炭,セキタン
脊椎,セキツイ
責任,セキニン
積年,セキネン
関の山,セキノヤマ
咳払い,セキバライ
席末,セキマツ
赤面,セキメン
石油,セキユ
赤裸々,セキララ
赤痢,セキリ
世間,セケン
せこ,セコ
セコンド,セコンド
世人,セジン
背筋,セスジ
世俗,セゾク
背丈,セタケ
世代,セダイ
セダン,セダン
せっかい,セッカイ
折角,セッカク
積極,セッキョク
接近,セッキン
設計,セッケイ
赤血球,セッケッキュウ
石鹸,セッケン
石工,セッコウ
摂氏,セッシ
拙者,セッシャ
摂取,セッシュ
せっしょう,セッショウ
殺生,セッショウ
接触,セッショク
せっち,セッチ
拙著,セッチョ
雪隠,セッチン
窃盗,セットウ
せっぱ,セッパ
切羽,セッパ
せっぱく,セッパク
切迫,セッパク
雪白,セッパク
切腹,セップク
接吻,セップン
説法,セッポウ
せつ,セツ
セツ,セツ
切実,セツジツ
切々,セツセツ
刹那,セツナ
設備,セツビ
説明,セツメイ
摂理,セツリ
瀬戸物,セトモノ
背中,セナカ
背広,セビロ
セピア,セピア
背振,セフリ
背骨,セボネ
せみ,セミ
責め,セメ
責苦,セメク
セメント,セメント
せり,セリ
セリ,セリ
セル,セル
セルモ,セルモ
セルロイド,セルロイド
世論,セロン
せわ,セワ
世話,セワ
せん,セン
繊維,センイ
尖鋭,センエイ
僭越,センエツ
旋回,センカイ
詮方,センカタ
浅学,センガク
選挙,センキョ
宣教師,センキョウシ
鮮魚,センギョ
鮮血,センケツ
宣言,センゲン
千古,センコ
せんこう,センコウ
専攻,センコウ
線香,センコウ
銓衡,センコウ
先刻,センコク
宣告,センコク
繊細,センサイ
千差万別,センサバンベツ
千載,センザイ
潜在,センザイ
先史,センシ
千秋,センシュウ
千秋楽,センシュウラク
僭称,センショウ
先進,センシン
千辛万苦,センシンバンク
繊弱,センジャク
煽情,センジョウ
千仞,センジン
せんせい,センセイ
先生,センセイ
専制,センセイ
宣戦,センセン
センセーション,センセーション
占筮,センゼイ
戦争,センソウ
先祖,センゾ
洗濯,センタク
尖端,センタン
栴檀,センダン
旋転,センテン
宣伝,センデン
先頭,セントウ
戦闘,セントウ
鮮肉,センニク
先入,センニュウ
先年,センネン
専売,センバイ
浅薄,センバク
千羽鶴,センバヅル
先輩,センパイ
千俵,センビョウ
せんぷ,センプ
潜伏,センプク
千変万化,センペンバンカ
先方,センポウ
千万,センマン
千万無量,センマンムリョウ
せんめい,センメイ
闡明,センメイ
洗面,センメン
専門,センモン
専用,センヨウ
千里,センリ
せんりつ,センリツ
戦慄,センリツ
川柳,センリュウ
千両,センリョウ
占領,センリョウ
染料,センリョウ
洗練,センレン
線路,センロ
贅沢,ゼイタク
ゼスチュア,ゼスチュア
絶海,ゼッカイ
絶叫,ゼッキョウ
絶句,ゼック
絶好,ゼッコウ
絶勝,ゼッショウ
絶世,ゼッセイ
絶息,ゼッソク
絶対,ゼッタイ
絶体絶命,ゼッタイゼツメイ
絶頂,ゼッチョウ
絶壁,ゼッペキ
絶縁,ゼツエン
絶後,ゼツゴ
絶大,ゼツダイ
絶望,ゼツボウ
絶無,ゼツム
絶命,ゼツメイ
絶滅,ゼツメツ
是非,ゼヒ
ゼロ,ゼロ
ぜん,ゼン
善悪,ゼンアク
全快,ゼンカイ
前回,ゼンカイ
前額,ゼンガク
禅学,ゼンガク
前記,ゼンキ
全景,ゼンケイ
前掲,ゼンケイ
前景,ゼンケイ
前項,ゼンコウ
全国,ゼンコク
前後,ゼンゴ
前者,ゼンシャ
全集,ゼンシュウ
善所,ゼンショ
全身,ゼンシン
前身,ゼンシン
漸次,ゼンジ
禅師,ゼンジ
前日,ゼンジツ
前述,ゼンジュツ
全盛,ゼンセイ
前世,ゼンセイ
前奏,ゼンソウ
ぜんそく,ゼンソク
喘息,ゼンソク
全速力,ゼンソクリョク
全体,ゼンタイ
前代未聞,ゼンダイミモン
前段,ゼンダン
全智,ゼンチ
全知全能,ゼンチゼンノウ
全長,ゼンチョウ
前兆,ゼンチョウ
前提,ゼンテイ
前途,ゼント
ゼントルマン,ゼントルマン
善人,ゼンニン
全能,ゼンノウ
全般,ゼンパン
善美,ゼンビ
全部,ゼンブ
全面,ゼンメン
前夜,ゼンヤ
全力,ゼンリョク
全霊,ゼンレイ
そいつ,ソイツ
そう,ソウ
草案,ソウアン
相違,ソウイ
相応,ソウオウ
爽快,ソウカイ
そうかん,ソウカン
壮漢,ソウカン
壮観,ソウカン
爪牙,ソウガ
双眼,ソウガン
葬儀,ソウギ
遭遇,ソウグウ
草原,ソウゲン
倉庫,ソウコ
草稿,ソウコウ
霜降,ソウコウ
相剋,ソウコク
相互,ソウゴ
相好,ソウゴウ
綜合,ソウゴウ
荘厳,ソウゴン
創作,ソウサク
捜索,ソウサク
創始,ソウシ
相思,ソウシ
葬式,ソウシキ
喪失,ソウシツ
双手,ソウシュ
喪神,ソウシン
総身,ソウシン
掃除,ソウジ
操縦,ソウジュウ
早世,ソウセイ
双生児,ソウセイジ
踪跡,ソウセキ
創設,ソウセツ
匆々,ソウソウ
早々,ソウソウ
曾祖父,ソウソフ
創造,ソウゾウ
想像,ソウゾウ
相続,ソウゾク
相対,ソウタイ
相対性原理,ソウタイセイゲンリ
総代,ソウダイ
相談,ソウダン
相談役,ソウダンヤク
装置,ソウチ
早朝,ソウチョウ
総長,ソウチョウ
荘重,ソウチョウ
想定,ソウテイ
蒼天,ソウテン
争闘,ソウトウ
相当,ソウトウ
曹洞宗,ソウトウシュウ
騒動,ソウドウ
挿入,ソウニュウ
壮年,ソウネン
蒼白,ソウハク
双方,ソウホウ
走馬燈,ソウマトウ
創立,ソウリツ
僧侶,ソウリョ
蹌踉,ソウロウ
添乳,ソエジ
そく,ソク
そくい,ソクイ
即死,ソクシ
速断,ソクダン
速度,ソクド
そくぶん,ソクブン
仄聞,ソクブン
素絹,ソケン
そこ,ソコ
底抜け,ソコヌケ
底光り,ソコビカリ
そこら,ソコラ
組織,ソシキ
素質,ソシツ
蘇生,ソセイ
祖先,ソセン
そちら,ソチラ
速記,ソッキ
側近,ソッキン
そっけ,ソッケ
即決,ソッケツ
即刻,ソッコク
そっち,ソッチ
率直,ソッチョク
卒倒,ソットウ
卒業,ソツギョウ
卒業生,ソツギョウセイ
そで,ソデ
袖口,ソデグチ
袖無,ソデナシ
外側,ソトガワ
ソノ,ソノ
その間,ソノカン
その頃,ソノコロ
その後,ソノゴ
その他,ソノタ
そのもの,ソノモノ
そば,ソバ
ソバカス,ソバカス
祖父,ソフ
祖父母,ソフボ
素振り,ソブリ
粗放,ソホウ
粗末,ソマツ
染付け,ソメツケ
そもそも,ソモソモ
空似,ソラニ
そり,ソリ
ソリ,ソリ
それ,ソレ
それぞれ,ソレゾレ
それら,ソレラ
ソロ,ソロ
揃い,ソロイ
疎漏,ソロウ
算盤,ソロバン
そん,ソン
損害,ソンガイ
尊敬,ソンケイ
存在,ソンザイ
尊称,ソンショウ
損傷,ソンショウ
そんじょそこら,ソンジョソコラ
尊崇,ソンスウ
尊重,ソンチョウ
村長,ソンチョウ
沿い,ゾイ
ぞう,ゾウ
造化,ゾウカ
造花,ゾウカ
臓器,ゾウキ
造詣,ゾウケイ
象牙,ゾウゲ
雑言,ゾウゴン
造作,ゾウサ
雑作,ゾウサ
増殖,ゾウショク
増大,ゾウダイ
増長,ゾウチョウ
臓腑,ゾウフ
造物主,ゾウブツシュ
ぞうり,ゾウリ
草履,ゾウリ
俗諺,ゾクゲン
俗語,ゾクゴ
俗体,ゾクタイ
俗謡,ゾクヨウ
続行,ゾッコウ
存じ,ゾンジ
存命,ゾンメイ
たあい,タアイ
他愛,タアイ
たい,タイ
退院,タイイン
大火,タイカ
退却,タイキャク
体躯,タイク
退屈,タイクツ
待遇,タイグウ
大群,タイグン
対決,タイケツ
体験,タイケン
たいこ,タイコ
太古,タイコ
太鼓,タイコ
大差,タイサ
大作,タイサク
退散,タイサン
対座,タイザ
滞在,タイザイ
泰山,タイザン
体質,タイシツ
体臭,タイシュウ
大衆,タイシュウ
大書,タイショ
大正,タイショウ
対照,タイショウ
対象,タイショウ
たいじ,タイジ
胎児,タイジ
退治,タイジ
大勢,タイセイ
大聖,タイセイ
胎生,タイセイ
体積,タイセキ
堆積,タイセキ
大切,タイセツ
大層,タイソウ
大帝,タイテイ
大抵,タイテイ
泰斗,タイト
帯刀,タイトウ
タイトル,タイトル
態度,タイド
胎動,タイドウ
体内,タイナイ
胎内,タイナイ
たいはい,タイハイ
頽廃,タイハイ
太白,タイハク
大部,タイブ
太平,タイヘイ
太平楽,タイヘイラク
大変,タイヘン
大木,タイボク
タイヤ,タイヤ
大要,タイヨウ
太陽,タイヨウ
平ら,タイラ
大乱,タイラン
大陸,タイリク
大略,タイリャク
滞留,タイリュウ
体力,タイリョク
対話,タイワ
絶え絶え,タエダエ
タオル,タオル
たか,タカ
多寡,タカ
他界,タカイ
高岩,タカイワ
卓子,タカコ
高島田,タカシマダ
高枕,タカマクラ
高まり,タカマリ
敬之,タカユキ
高らか,タカラカ
高笑い,タカワライ
たく,タク
沢山,タクサン
卓抜,タクバツ
たくま,タクマ
たくみ,タクミ
巧み,タクミ
たぐい,タグイ
たけ,タケ
壮夫,タケオ
竹柄,タケガラ
たけなわ,タケナワ
たこ,タコ
章魚,タコ
他国,タコク
他言,タゴン
他殺,タサツ
たしか,タシカ
確か,タシカ
多少,タショウ
他事,タジ
タジタジ,タジタジ
他日,タジツ
多数,タスウ
助け,タスケ
尋ね人,タズネビト
闘い,タタカイ
多端,タタン
ただ,タダ
タダ,タダ
只今,タダイマ
忠雄,タダオ
忠志,タダシ
ただ中,タダナカ
たち,タチ
大刀,タチ
太刀,タチ
立ち,タチ
立ち会い,タチアイ
立会,タチアイ
立上り,タチアガリ
立往生,タチオウジョウ
立ち聞き,タチギキ
立場,タチバ
磔刑,タッケイ
達者,タッシャ
たつ,タツ
達人,タツジン
たて,タテ
立て続け,タテツヅケ
田中,タナカ
たなご,タナゴ
七夕,タナバタ
他人,タニン
多人数,タニンズウ
たね,タネ
タネ,タネ
種明かし,タネアカシ
種明し,タネアカシ
楽しみ,タノシミ
頼み,タノミ
田畑,タハタ
煙草,タバコ
田畠,タバタ
たび,タビ
足袋,タビ
旅烏,タビガラス
旅僧,タビソウ
旅立ち,タビダチ
他聞,タブン
多分,タブン
たへ,タヘ
たま,タマ
たまえ,タマエ
卵色,タマゴイロ
賜物,タマモノ
霊屋,タマヤ
ため,タメ
ためいき,タメイキ
ため息,タメイキ
溜め息,タメイキ
溜息,タメイキ
ためし,タメシ
試し,タメシ
たもと,タモト
たよ,タヨ
多様,タヨウ
たより,タヨリ
便り,タヨリ
たら,タラ
タラ,タラ
足らず,タラズ
多量,タリョウ
たる,タル
タル,タル
タルサ,タルサ
垂れ幕,タレマク
太郎,タロウ
たん,タン
タン,タン
たんか,タンカ
啖呵,タンカ
探求,タンキュウ
探究,タンキュウ
タンク,タンク
探検,タンケン
たんげい,タンゲイ
端倪,タンゲイ
炭坑,タンコウ
炭鉱,タンコウ
探査,タンサ
単細胞,タンサイボウ
単細胞動物,タンサイボウドウブツ
探索,タンサク
短冊,タンザク
端緒,タンショ
単身,タンシン
短針,タンシン
短時間,タンジカン
単純,タンジュン
丹青,タンセイ
端然,タンゼン
嘆息,タンソク
歎息,タンソク
探偵,タンテイ
端的,タンテキ
耽溺,タンデキ
炭田,タンデン
短刀,タントウ
担任,タンニン
丹念,タンネン
蛋白,タンパク
たんび,タンビ
嘆美,タンビ
歎美,タンビ
探聞,タンブン
たんぼ,タンボ
田圃,タンボ
端麗,タンレイ
だい,ダイ
第一人者,ダイイチニンシャ
第一歩,ダイイッポ
大喝,ダイカツ
大寒,ダイカン
大学,ダイガク
大学生,ダイガクセイ
大嫌い,ダイキライ
大工,ダイク
大根,ダイコン
第三者,ダイサンシャ
大罪,ダイザイ
題材,ダイザイ
だいし,ダイシ
台紙,ダイシ
大車輪,ダイシャリン
代償,ダイショウ
大小,ダイショウ
大事,ダイジ
大字,ダイジ
大丈夫,ダイジョウブ
大臣,ダイジン
大好き,ダイスキ
大千世界,ダイセンセカイ
大体,ダイタイ
大胆,ダイタン
代々,ダイダイ
大々的,ダイダイテキ
台帳,ダイチョウ
大道,ダイドウ
台所,ダイドコロ
ダイナマイト,ダイナマイト
代人,ダイニン
大脳,ダイノウ
台の下,ダイノシタ
大の字,ダイノジ
大発見,ダイハッケン
台場,ダイバ
大盤石,ダイバンジャク
大悲,ダイヒ
代表,ダイヒョウ
代目,ダイメ
題目,ダイモク
ダイヤ,ダイヤ
ダイヤモンド,ダイヤモンド
ダイヤル,ダイヤル
代用,ダイヨウ
大理石,ダイリセキ
唾液,ダエキ
楕円,ダエン
沢山,ダクサン
濁水,ダクスイ
濁点,ダクテン
打撃,ダゲキ
太宰府,ダザイフ
出し,ダシ
打診,ダシン
脱脂綿,ダッシメン
脱出,ダッシュツ
脱線,ダッセン
脱落,ダツラク
奪掠,ダツリャク
建て,ダテ
立て,ダテ
妥当,ダトウ
だに,ダニ
だび,ダビ
荼毘,ダビ
だま,ダマ
駄目,ダメ
堕落,ダラク
だらけ,ダラケ
惰力,ダリョク
だるま,ダルマ
達磨,ダルマ
だれ,ダレ
誰か,ダレカ
ダン,ダン
団塊,ダンカイ
段階,ダンカイ
断崖,ダンガイ
談義,ダンギ
団結,ダンケツ
断言,ダンゲン
断行,ダンコウ
男子,ダンシ
談笑,ダンショウ
男児,ダンジ
男女,ダンジョ
男性,ダンセイ
断絶,ダンゼツ
段々,ダンダン
断々乎,ダンダンコ
段違い,ダンチガイ
断腸,ダンチョウ
断定,ダンテイ
断頭,ダントウ
段取り,ダンドリ
旦那,ダンナ
断片,ダンペン
暖房,ダンボウ
断末魔,ダンマツマ
弾力,ダンリョク
暖炉,ダンロ
煖炉,ダンロ
談話,ダンワ
ダーウィン,ダーウィン
ちい,チイ
地位,チイ
チウ,チウ
智慧,チエ
ちか,チカ
地下,チカ
知覚,チカク
近く,チカク
近頃,チカゴロ
力添え,チカラゾエ
ちがい,チガイ
違い,チガイ
地球,チキュウ
千切,チギリ
ちく,チク
蓄音器,チクオンキ
蓄音機,チクオンキ
畜生,チクショウ
筑前,チクゼン
竹帛,チクハク
筑豊,チクホウ
筑摩書房,チクマショボウ
地形,チケイ
恥骨,チコツ
致死,チシ
血潮,チシオ
知識,チシキ
地質,チシツ
地上,チジョウ
恥辱,チジョク
地図,チズ
地層,チソウ
地帯,チタイ
父親,チチオヤ
父母,チチハハ
チック,チック
窒息,チッソク
秩序,チツジョ
千年,チトセ
千鳥足,チドリアシ
遅鈍,チドン
ちの,チノ
血の池,チノイケ
血の気,チノケ
千葉,チバ
地表,チヒョウ
乳房,チブサ
地物,チブツ
地平線,チヘイセン
地方,チホウ
痴呆,チホウ
地方裁判所,チホウサイバンショ
ちまき,チマキ
ちまた,チマタ
血まみれ,チマミレ
ちみつ,チミツ
緻密,チミツ
血みどろ,チミドロ
地名,チメイ
致命,チメイ
致命傷,チメイショウ
ちゃ,チャ
チャイ,チャイ
茶色,チャイロ
茶褐色,チャカッショク
茶菓子,チャガシ
茶気,チャキ
着眼,チャクガン
着手,チャクシュ
着任,チャクニン
着陸,チャクリク
茶の間,チャノマ
茶瓶,チャビン
茶舗,チャホ
茶屋小屋,チャヤコヤ
茶碗,チャワン
チャン,チャン
チャンス,チャンス
チヤ,チヤ
注意,チュウイ
中央,チュウオウ
仲介,チュウカイ
中間,チュウカン
宙返り,チュウガエリ
中学,チュウガク
中学生,チュウガクセイ
中気,チュウキ
注記,チュウキ
註記,チュウキ
忠義,チュウギ
忠義立て,チュウギダテ
忠君,チュウクン
中継,チュウケイ
中興,チュウコウ
中腰,チュウゴシ
中止,チュウシ
忠志,チュウシ
注射,チュウシャ
抽出,チュウシュツ
昼食,チュウショク
中心,チュウシン
忠臣,チュウシン
中枢,チュウスウ
中世,チュウセイ
中絶,チュウゼツ
ちゅうちょ,チュウチョ
躊躇,チュウチョ
中途,チュウト
中毒,チュウドク
中日,チュウニチ
中年,チュウネン
中風,チュウブ
注目,チュウモク
注文,チュウモン
註文,チュウモン
昼夜,チュウヤ
忠勇,チュウユウ
中略,チュウリャク
中流,チュウリュウ
治癒,チユ
ちょ,チョ
ちょう,チョウ
寵愛,チョウアイ
弔慰,チョウイ
超越,チョウエツ
朝刊,チョウカン
長兄,チョウケイ
帳消し,チョウケシ
徴候,チョウコウ
彫刻,チョウコク
長恨,チョウコン
調査,チョウサ
調子,チョウシ
聴取,チョウシュ
聴衆,チョウシュウ
長所,チョウショ
嘲笑,チョウショウ
聴診,チョウシン
長針,チョウシン
聴神経,チョウシンケイ
長時間,チョウジカン
長者,チョウジャ
長女,チョウジョ
超人,チョウジン
長生,チョウセイ
挑戦,チョウセン
超絶,チョウゼツ
長大息,チョウタイソク
長嘆,チョウタン
長短,チョウタン
ちょうだい,チョウダイ
長大,チョウダイ
頂戴,チョウダイ
ちょうちょ,チョウチョ
喋々,チョウチョウ
長汀曲浦,チョウテイキョクホ
丁度,チョウド
町人,チョウニン
貼付,チョウフ
調法,チョウホウ
重宝,チョウホウ
長方形,チョウホウケイ
張本人,チョウホンニン
澄明,チョウメイ
帳面,チョウメン
長流,チョウリュウ
嘲弄,チョウロウ
調和,チョウワ
貯金,チョキン
ちょく,チョク
直截,チョクセツ
直接,チョクセツ
直線,チョクセン
直前,チョクゼン
直方,チョクホウ
直面,チョクメン
直立,チョクリツ
著者,チョシャ
著述,チョジュツ
貯蔵,チョゾウ
直覚,チョッカク
直角,チョッカク
直感,チョッカン
チョッキ,チョッキ
直径,チョッケイ
ちょりつ,チョリツ
佇立,チョリツ
チョーク,チョーク
ちよ,チヨ
千世,チヨ
千代,チヨ
ちよこ,チヨコ
千世子,チヨコ
散らし,チラシ
ちり,チリ
チリ,チリ
地理,チリ
治療,チリョウ
智力,チリョク
珍奇,チンキ
鎮座,チンザ
鎮守,チンジュ
陳述,チンジュツ
鎮静,チンセイ
珍重,チンチョウ
枕頭,チントウ
珍妙,チンミョウ
珍無類,チンムルイ
沈黙,チンモク
ちんりん,チンリン
沈淪,チンリン
陳列,チンレツ
っきり,ッキリ
っ放し,ッパナシ
ツイ,ツイ
追加,ツイカ
追求,ツイキュウ
追究,ツイキュウ
追跡,ツイセキ
ついたち,ツイタチ
ついで,ツイデ
墜落,ツイラク
通過,ツウカ
痛快,ツウカイ
通告,ツウコク
通信,ツウシン
痛切,ツウセツ
通知,ツウチ
通例,ツウレイ
痛烈,ツウレツ
通路,ツウロ
つえ,ツエ
使い,ツカイ
使い方,ツカイカタ
使い道,ツカイミチ
使い分け,ツカイワケ
掴み,ツカミ
疲れ,ツカレ
津川,ツガワ
つき,ツキ
付き,ツキ
尽き,ツキ
突き,ツキ
突落,ツキオトシ
月日,ツキヒ
次の間,ツギノマ
つくし,ツクシ
作り方,ツクリカタ
作り付け,ツクリツケ
作り話,ツクリバナシ
つけ,ツケ
ツケ,ツケ
付け,ツケ
つけ根,ツケネ
つげ,ツゲ
都合,ツゴウ
つじつま,ツジツマ
辻褄,ツジツマ
つた,ツタ
伝え,ツタエ
土煙,ツチケムリ
つっかい,ツッカイ
突込み,ツッコミ
筒袖,ツツソデ
包み,ツツミ
つづ,ツヅ
続き,ツヅキ
つづり,ツヅリ
つて,ツテ
つど,ツド
都度,ツド
つなぎ,ツナギ
繋ぎ,ツナギ
海嘯,ツナミ
つば,ツバ
つぶ,ツブ
潰し,ツブシ
つぶつぶ,ツブツブ
つぼみ,ツボミ
つま,ツマ
爪先,ツマサキ
つまり,ツマリ
詰まり,ツマリ
つみ,ツミ
罪科,ツミトガ
つめ,ツメ
詰め,ツメ
詰襟,ツメエリ
詰腹,ツメバラ
つもり,ツモリ
通夜,ツヤ
つゆ,ツユ
強味,ツヨミ
つり,ツリ
釣り,ツリ
つる,ツル
鶴川,ツルカワ
吊し,ツルシ
徒然,ツレヅレ
使い,ヅカイ
づくり,ヅクリ
造り,ヅクリ
付け,ヅケ
伝い,ヅタイ
詰め,ヅメ
連れ,ヅレ
手足,テアシ
手当,テアテ
手当て,テアテ
てい,テイ
低温,テイオン
低級,テイキュウ
涕泣,テイキュウ
提供,テイキョウ
提携,テイケイ
抵抗,テイコウ
帝国,テイコク
体裁,テイサイ
停止,テイシ
停車,テイシャ
停車場,テイシャジョウ
亭主,テイシュ
提出,テイシュツ
定住,テイジュウ
訂正,テイセイ
貞操,テイソウ
停滞,テイタイ
邸宅,テイタク
ていちょう,テイチョウ
鄭重,テイチョウ
廷丁,テイテイ
蹄鉄,テイテツ
帝都,テイト
低頭,テイトウ
停頓,テイトン
程度,テイド
ていねい,テイネイ
叮嚀,テイネイ
停年,テイネン
低能,テイノウ
定評,テイヒョウ
底本,テイホン
底面,テイメン
定理,テイリ
手入れ,テイレ
手遅れ,テオクレ
手落ち,テオチ
手枷,テカセ
テカテカ,テカテカ
手がかり,テガカリ
手掛り,テガカリ
手紙,テガミ
手柄,テガラ
手柄顔,テガラガオ
手軽,テガル
敵意,テキイ
適応,テキオウ
滴下,テキカ
的確,テキカク
敵愾心,テキガイシン
適合,テキゴウ
敵手,テキシュ
摘出,テキシュツ
テキスト,テキスト
適切,テキセツ
的中,テキチュウ
適中,テキチュウ
適当,テキトウ
適任,テキニン
摘発,テキハツ
敵本,テキホン
摘要,テキヨウ
適例,テキレイ
手際,テギワ
手首,テクビ
手口,テグチ
テコ,テコ
手応え,テゴタエ
手先,テサキ
手提,テサゲ
手品,テジナ
手順,テジュン
手錠,テジョウ
手数,テスウ
手摺,テスリ
手玉,テダマ
手近,テヂカ
鉄筋,テッキン
鉄柵,テッサク
徹宵,テッショウ
徹底,テッテイ
徹底的,テッテイテキ
鉄砲,テッポウ
てつ,テツ
哲学,テツガク
手付き,テツキ
鉄格子,テツゴウシ
鉄製,テツセイ
手伝い,テツダイ
手続,テツヅキ
手続き,テツヅキ
鉄道,テツドウ
鉄瓶,テツビン
徹夜,テツヤ
手取り,テドリ
てなし,テナシ
手ぬかり,テヌカリ
手拭,テヌグイ
手の甲,テノコウ
手初め,テハジメ
手筈,テハズ
手拍子,テビョウシ
手袋,テブクロ
手本,テホン
手前,テマエ
手前味噌,テマエミソ
手間損,テマゾン
手真似,テマネ
手招き,テマネキ
手短,テミジカ
手土産,テミヤゲ
手元,テモト
手許,テモト
テリヤ,テリヤ
テル,テル
てん,テン
テン,テン
天意,テンイ
天下,テンカ
添加,テンカ
点火,テンカ
転化,テンカ
展開,テンカイ
転換,テンカン
天外,テンガイ
天気,テンキ
天候,テンコウ
天才,テンサイ
天使,テンシ
天子,テンシ
天守,テンシュ
天主教,テンシュキョウ
転身,テンシン
天竺,テンジク
天日,テンジツ
てんじょう,テンジョウ
天上,テンジョウ
天井,テンジョウ
纏繞,テンジョウ
天神,テンジン
点数,テンスウ
転生,テンセイ
転籍,テンセキ
天体,テンタイ
天台宗,テンダイシュウ
天地,テンチ
てんてん,テンテン
点々,テンテン
転々,テンテン
輾転,テンテン
天道,テントウ
点頭,テントウ
天女,テンニョ
天人,テンニン
天然,テンネン
天然色,テンネンショク
天皇,テンノウ
天平,テンピョウ
天分,テンブン
てんぷく,テンプク
顛覆,テンプク
てんぺん,テンペン
天変,テンペン
転変,テンペン
天変地異,テンペンチイ
天宝,テンポウ
伝馬,テンマ
顛末,テンマツ
天命,テンメイ
天籟,テンライ
展覧,テンラン
テーブル,テーブル
テープ,テープ
テーマ,テーマ
出会,デアイ
出会い頭,デアイガシラ
泥亀,デイキ
泥酔,デイスイ
泥土,デイド
出入り,デイリ
デカ,デカ
でき,デキ
出来,デキ
出来上り,デキアガリ
出来事,デキゴト
溺死,デキシ
弟子,デシ
デスク,デスク
でたらめ,デタラメ
出鱈目,デタラメ
出歯亀,デバカメ
デパート,デパート
出任せ,デマカセ
デリケート,デリケート
伝家,デンカ
伝記,デンキ
電気,デンキ
電球,デンキュウ
電光,デンコウ
電光石火,デンコウセッカ
電子,デンシ
電車,デンシャ
電信,デンシン
伝授,デンジュ
伝説,デンセツ
電線,デンセン
田地,デンチ
電池,デンチ
電柱,デンチュウ
伝統,デントウ
殿堂,デンドウ
電熱,デンネツ
でんぱ,デンパ
田野,デンヤ
伝来,デンライ
電流,デンリュウ
電力,デンリョク
電話,デンワ
デー,デー
とい,トイ
トウ,トウ
籐椅子,トウイス
統一,トウイツ
党員,トウイン
投影,トウエイ
透過,トウカ
頭角,トウカク
当該,トウガイ
頭蓋,トウガイ
投棄,トウキ
陶器,トウキ
東京,トウキョウ
当局,トウキョク
当家,トウケ
刀剣,トウケン
手向,トウゲ
投稿,トウコウ
投合,トウゴウ
等差,トウサ
搭載,トウサイ
倒錯,トウサク
当座,トウザ
東西,トウザイ
唐詩,トウシ
透視,トウシ
当主,トウシュ
投出,トウシュツ
当初,トウショ
とうしろ,トウシロ
投身,トウシン
等身,トウシン
当時,トウジ
当事者,トウジシャ
当日,トウジツ
登場,トウジョウ
陶酔,トウスイ
当世,トウセイ
闘争,トウソウ
とうた,トウタ
淘汰,トウタ
藤太,トウタ
到達,トウタツ
当代,トウダイ
当地,トウチ
到着,トウチャク
当直,トウチョク
疼痛,トウツウ
透徹,トウテツ
東天,トウテン
滔々,トウトウ
等々,トウトウ
唐突,トウトツ
投入,トウニュウ
当年,トウネン
頭髪,トウハツ
当番,トウバン
頭部,トウブ
当分,トウブン
等分,トウブン
唐変木,トウヘンボク
東北,トウホク
逃亡,トウボウ
透明,トウメイ
当面,トウメン
当夜,トウヤ
東洋,トウヨウ
到来,トウライ
当来,トウライ
遠く,トオク
通し,トオシ
遠まわし,トオマワシ
遠廻し,トオマワシ
遠廻り,トオマワリ
遠眼鏡,トオメガネ
とおり,トオリ
通り,トオリ
都会,トカイ
とかげ,トカゲ
蜥蜴,トカゲ
とき,トキ
時折,トキオリ
時の間,トキノマ
得意,トクイ
特異,トクイ
篤学,トクガク
篤志,トクシ
特殊,トクシュ
特製,トクセイ
特徴,トクチョウ
特定,トクテイ
徳兵衛,トクベエ
特別,トクベツ
特有,トクユウ
戸倉,トクラ
徒刑,トケイ
時計,トケイ
とげ,トゲ
とこ,トコ
床板,トコイタ
床柱,トコバシラ
床や,トコヤ
ところ,トコロ
処々,トコロドコロ
土佐,トサ
としい,トシイ
年甲斐,トシガイ
年頃,トシゴロ
年月,トシツキ
年取,トシトリ
年増,トシマ
図書,トショ
図書館,トショカン
年寄,トシヨリ
年寄り,トシヨリ
綴込み,トジコミ
戸締り,トジマリ
とせ,トセ
途絶,トゼツ
トタン,トタン
途端,トタン
戸棚,トダナ
土地,トチ
栃木,トチギ
途中,トチュウ
突貫,トッカン
突起,トッキ
特急,トッキュウ
特許,トッキョ
とっさ,トッサ
突出,トッシュツ
突端,トッタン
把手,トッテ
突破,トッパ
とっぴ,トッピ
突飛,トッピ
とっぴょうし,トッピョウシ
突拍子,トッピョウシ
トップ,トップ
途轍,トテツ
とど,トド
トド,トド
届出,トドケデ
となり,トナリ
殿様,トノサマ
賭博,トバク
飛び石,トビイシ
飛び入り,トビイリ
飛越,トビコシ
飛火,トビヒ
トピック,トピック
とふく,トフク
と腹,トフク
戸袋,トブクロ
途方,トホウ
戸前,トマエ
とまどい,トマドイ
泊り,トマリ
止め,トメ
留置,トメオキ
留針,トメバリ
とも,トモ
灯火,トモシビ
友達,トモダチ
供人,トモビト
豊田,トヨダ
とら,トラ
トラック,トラック
虎の巻,トラノマキ
とり,トリ
取り,トリ
取りあえず,トリアエズ
取り合わせ,トリアワセ
鳥居,トリイ
取り入れ,トリイレ
鳥飼,トリカイ
取り返し,トリカエシ
取返し,トリカエシ
取り立て,トリタテ
取り違え,トリチガエ
トリック,トリック
取次,トリツギ
取付,トリツケ
取止め,トリトメ
とりどり,トリドリ
とりの,トリノ
取り巻き,トリマキ
塗料,トリョウ
とわ,トワ
問わず語り,トワズガタリ
頓狂,トンキョウ
頓着,トンジャク
とんぼ,トンボ
蜻蛉,トンボ
とんま,トンマ
トーキー,トーキー
トースト,トースト
ドア,ドア
度合,ドアイ
度合い,ドアイ
ドイ,ドイ
ドイツ,ドイツ
独逸,ドイツ
胴衣,ドウイ
同一,ドウイツ
同化,ドウカ
導火,ドウカ
同感,ドウカン
動悸,ドウキ
動機,ドウキ
同郷,ドウキョウ
同君,ドウクン
道具,ドウグ
同家,ドウケ
道化,ドウケ
憧憬,ドウケイ
同月,ドウゲツ
瞳孔,ドウコウ
どうこく,ドウコク
慟哭,ドウコク
動作,ドウサ
洞察,ドウサツ
同罪,ドウザイ
どうし,ドウシ
同志,ドウシ
同氏,ドウシ
同室,ドウシツ
同所,ドウショ
動植物,ドウショクブツ
同心,ドウシン
同時,ドウジ
同日,ドウジツ
同乗,ドウジョウ
同情,ドウジョウ
堂上,ドウジョウ
道場,ドウジョウ
同人,ドウジン
道人,ドウジン
どうせい,ドウセイ
動静,ドウセイ
同姓,ドウセイ
同性,ドウセイ
同棲,ドウセイ
同性愛,ドウセイアイ
同席,ドウセキ
同然,ドウゼン
同窓,ドウソウ
同体,ドウタイ
胴体,ドウタイ
同大,ドウダイ
童貞,ドウテイ
道程,ドウテイ
同等,ドウトウ
道徳,ドウトク
同年,ドウネン
同輩,ドウハイ
同伴,ドウハン
動物,ドウブツ
同胞,ドウホウ
動脈,ドウミャク
同名,ドウメイ
同夜,ドウヤ
動揺,ドウヨウ
同様,ドウヨウ
道楽,ドウラク
道理,ドウリ
どおり,ドオリ
通り,ドオリ
ドキドキ,ドキドキ
どきょう,ドキョウ
度胸,ドキョウ
読経,ドキョウ
度胆,ドギモ
毒害,ドクガイ
独語,ドクゴ
読後感,ドクゴカン
独裁,ドクサイ
毒殺,ドクサツ
読者,ドクシャ
独身,ドクシン
読心術,ドクシンジュツ
どくじゅ,ドクジュ
読誦,ドクジュ
独創,ドクソウ
独特,ドクトク
ドクトル,ドクトル
読破,ドクハ
毒物,ドクブツ
毒蛇,ドクヘビ
毒薬,ドクヤク
独立,ドクリツ
独力,ドクリョク
土下座,ドゲザ
どこ,ドコ
どこぞ,ドコゾ
どころ,ドコロ
怒号,ドゴウ
ドス,ドス
土葬,ドソウ
土蔵,ドゾウ
土台,ドダイ
土中,ドチュウ
どちら,ドチラ
どっち,ドッチ
ドット,ドット
独歩,ドッポ
土手,ドテ
呶々,ドド
どなた,ドナタ
何方,ドナタ
怒髪,ドハツ
土俵際,ドヒョウギワ
土百姓,ドビャクショウ
土瓶,ドビン
土塀,ドベイ
奴僕,ドボク
土間,ドマ
土饅頭,ドマンジュウ
度目,ドメ
ども,ドモ
土盛り,ドモリ
土曜,ドヨウ
土用,ドヨウ
努力,ドリョク
ドル,ドル
どれ,ドレ
奴隷,ドレイ
ドロ,ドロ
泥足,ドロアシ
泥棒,ドロボウ
泥まみれ,ドロマミレ
どん,ドン
ドン,ドン
ドン底,ドンゾコ
ドンタク,ドンタク
ドンドコ,ドンドコ
なあに,ナアニ
ナイ,ナイ
内科,ナイカ
内閣,ナイカク
内外,ナイガイ
ないしょ,ナイショ
内証,ナイショウ
内職,ナイショク
内心,ナイシン
内実,ナイジツ
内省,ナイセイ
内臓,ナイゾウ
内地,ナイチ
内定,ナイテイ
内的,ナイテキ
ナイフ,ナイフ
内部,ナイブ
内分泌,ナイブンピツ
内壁,ナイヘキ
内容,ナイヨウ
名うて,ナウテ
なお,ナオ
直し,ナオシ
なか,ナカ
ナカ,ナカ
中洲,ナカス
仲直り,ナカナオリ
中庭,ナカニワ
なかば,ナカバ
半ば,ナカバ
中程,ナカホド
仲間,ナカマ
中味,ナカミ
中指,ナカユビ
中横,ナカヨコ
長靴,ナガグツ
長崎,ナガサキ
長襦袢,ナガジュバン
長屋,ナガヤ
長安,ナガヤス
流れ,ナガレ
泣き,ナキ
亡骸,ナキガラ
泣き声,ナキゴエ
泣き笑い,ナキワライ
長刀,ナギナタ
投げ銭,ナゲセン
投げやり,ナゲヤリ
なごり,ナゴリ
名残,ナゴリ
名残り,ナゴリ
無し,ナシ
なじみ,ナジミ
なす,ナス
なす事,ナスコト
茄子,ナスビ
なぞ,ナゾ
謎々,ナゾナゾ
ナタ,ナタ
菜種,ナタネ
納得,ナットク
なつ,ナツ
名付,ナヅケ
名付け親,ナヅケオヤ
名付親,ナヅケオヤ
撫で斬り,ナデギリ
ナナ,ナナ
七色,ナナイロ
ななめ,ナナメ
何かしら,ナニカシラ
なにがし,ナニガシ
何事,ナニゴト
何程,ナニホド
何もかも,ナニモカモ
何もの,ナニモノ
何者,ナニモノ
何より,ナニヨリ
なにわ,ナニワ
浪花節,ナニワブシ
名乗,ナノリ
名乗り,ナノリ
名札,ナフダ
なべ,ナベ
生意気,ナマイキ
名前,ナマエ
生木,ナマキ
生血,ナマチ
生身,ナマミ
なまり,ナマリ
なみ,ナミ
波打,ナミウチ
並大抵,ナミタイテイ
涙声,ナミダゴエ
並々,ナミナミ
南無阿弥陀仏,ナムアミダブツ
なめ,ナメ
滑らか,ナメラカ
ならく,ナラク
奈落,ナラク
並び,ナラビ
なり,ナリ
鳴り,ナリ
成上,ナリカミ
成金,ナリキン
なん,ナン
南下,ナンカ
難解,ナンカイ
南極,ナンキョク
南京錠,ナンキンジョウ
難儀,ナンギ
軟骨,ナンコツ
難事件,ナンジケン
何とか,ナントカ
なんど,ナンド
喃々,ナンナン
難波,ナンバ
難破,ナンパ
難病,ナンビョウ
南北,ナンボク
南方,ナンポウ
難問,ナンモン
何等,ナンラ
似合,ニアイ
兄さん,ニイサン
におい,ニオイ
匂い,ニオイ
匂やか,ニオヤカ
二月,ニガツ
苦笑い,ニガワライ
賑やか,ニギヤカ
肉眼,ニクガン
憎しみ,ニクシミ
肉親,ニクシン
肉声,ニクセイ
肉体,ニクタイ
肉体美,ニクタイビ
肉付き,ニクヅキ
肉筆,ニクヒツ
憎まれ口,ニクマレグチ
憎まれ役,ニクマレヤク
逃げ,ニゲ
ニコチン,ニコチン
二言,ニゴン
にし,ニシ
西海,ニシウミ
西側,ニシガワ
西久保,ニシクボ
西新,ニシシン
西日,ニシビ
ニス,ニス
ニセ,ニセ
日時,ニチジ
日常,ニチジョウ
日曜,ニチヨウ
日課,ニッカ
ニッケル,ニッケル
日光,ニッコウ
日誌,ニッシ
日進月歩,ニッシンゲッポ
日生,ニッセイ
日本,ニッポン
日本人,ニッポンジン
二の腕,ニノウデ
二の句,ニノク
日本語,ニホンゴ
日本橋,ニホンバシ
入院,ニュウイン
入学,ニュウガク
柔弱,ニュウジャク
入場,ニュウジョウ
入道,ニュウドウ
乳白色,ニュウハクショク
入力,ニュウリョク
柔和,ニュウワ
ニュー,ニュー
ニューヨーク,ニューヨーク
女房,ニョウボウ
如実,ニョジツ
如是,ニョゼ
女人,ニョニン
にわか,ニワカ
庭下駄,ニワゲタ
庭付き,ニワツキ
にわとり,ニワトリ
人気,ニンキ
人魚,ニンギョ
人形,ニンギョウ
人間,ニンゲン
認識,ニンシキ
人情,ニンジョウ
人数,ニンズウ
人相,ニンソウ
忍耐,ニンタイ
人皇,ニンノウ
人非人,ニンピニン
人夫,ニンプ
人前,ニンマエ
ぬい,ヌイ
縫い,ヌイ
縫目,ヌイメ
縫紋,ヌイモン
抜き,ヌキ
抜き足,ヌキアシ
抜書,ヌキガキ
抜け目,ヌケメ
布子,ヌノコ
布地,ヌノジ
布目,ヌノメ
塗り,ヌリ
濡れ,ヌレ
濡衣,ヌレギヌ
値打ち,ネウチ
姉さん,ネエサン
寝起き,ネオキ
根方,ネカタ
寝棺,ネカン
願い,ネガイ
願い下げ,ネガイサゲ
寝顔,ネガオ
ねぎ,ネギ
ネクタイ,ネクタイ
猫撫で声,ネコナデゴエ
寝言,ネゴト
寝しな,ネシナ
寝小便,ネショウベン
ねじ,ネジ
ネタ,ネタ
値段,ネダン
熱狂,ネッキョウ
熱心,ネッシン
熱中,ネッチュウ
熱湯,ネットウ
熱情,ネツジョウ
ねつぞう,ネツゾウ
捏造,ネツゾウ
熱度,ネツド
熱病,ネツビョウ
熱弁,ネツベン
熱烈,ネツレツ
寝床,ネドコ
寝巻,ネマキ
寝間着,ネマキ
眠り,ネムリ
根元,ネモト
根本,ネモト
狙い,ネライ
ネル,ネル
念入り,ネンイリ
年間,ネンカン
年月日,ネンガッピ
年号,ネンゴウ
拈出,ネンシュツ
年少,ネンショウ
年生,ネンセイ
年代,ネンダイ
年長,ネンチョウ
念頭,ネントウ
念々,ネンネン
念仏,ネンブツ
年俸,ネンポウ
粘膜,ネンマク
年来,ネンライ
燃料,ネンリョウ
年齢,ネンレイ
農家,ノウカ
能書,ノウガキ
能楽,ノウガク
直方,ノウガタ
農業,ノウギョウ
農具,ノウグ
濃厚,ノウコウ
脳出血,ノウシュッケツ
脳震盪,ノウシントウ
脳髄,ノウズイ
脳天,ノウテン
脳病,ノウビョウ
農夫,ノウフ
能弁,ノウベン
脳味噌,ノウミソ
悩乱,ノウラン
能力,ノウリョク
軒先,ノキサキ
軒下,ノキシタ
のこぎり,ノコギリ
残り,ノコリ
覗き,ノゾキ
望み,ノゾミ
のち,ノチ
ノック,ノック
ノックアウト,ノックアウト
のっけ,ノッケ
ノッブ,ノッブ
のど,ノド
野袴,ノバカマ
野白,ノバク
伸び,ノビ
のぶ,ノブ
野臥,ノブセリ
信義,ノブヨシ
上り,ノボリ
昇り,ノボリ
のみ,ノミ
呑込み,ノミコミ
飲込み,ノミコミ
野見山,ノミヤマ
野山,ノヤマ
ノリ,ノリ
糊付け,ノリヅケ
のろ,ノロ
呪い,ノロイ
惚気,ノロケ
のんき,ノンキ
呑気,ノンキ
暢気,ノンキ
ノンセンス,ノンセンス
ノー,ノー
ノート,ノート
ノーベル,ノーベル
ハイ,ハイ
灰色,ハイイロ
肺炎,ハイエン
廃屋,ハイオク
灰落し,ハイオトシ
配下,ハイカ
はいかい,ハイカイ
徘徊,ハイカイ
ハイカラ,ハイカラ
拝跪,ハイキ
背景,ハイケイ
拝見,ハイケン
廃語,ハイゴ
背後,ハイゴ
配合,ハイゴウ
拝借,ハイシャク
拝受,ハイジュ
排斥,ハイセキ
排泄,ハイセツ
肺臓,ハイゾウ
胚胎,ハイタイ
配置,ハイチ
拝聴,ハイチョウ
背徳,ハイトク
ハイハイ,ハイハイ
肺病,ハイビョウ
配布,ハイフ
背部,ハイブ
敗北,ハイボク
背面,ハイメン
俳優,ハイユウ
拝領,ハイリョウ
排列,ハイレツ
配列,ハイレツ
はえ,ハエ
生え際,ハエギワ
羽織,ハオリ
はか,ハカ
破壊,ハカイ
墓所,ハカショ
博士,ハカセ
博多,ハカタ
博多織,ハカタオリ
はかま,ハカマ
はがき,ハガキ
ハガキ,ハガキ
葉書,ハガキ
歯噛み,ハガミ
破棄,ハキ
破毀,ハキ
はきだめ,ハキダメ
はく,ハク
白堊,ハクア
博愛,ハクアイ
白衣,ハクイ
迫害,ハクガイ
白眼,ハクガン
白紙,ハクシ
白砂,ハクシャ
拍手,ハクシュ
白日,ハクジツ
薄弱,ハクジャク
白状,ハクジョウ
薄情,ハクジョウ
白人,ハクジン
白刃,ハクジン
白皙,ハクセキ
白髯,ハクゼン
白痴,ハクチ
伯仲,ハクチュウ
白昼,ハクチュウ
白熱,ハクネツ
白髪,ハクハツ
博物,ハクブツ
白文,ハクブン
白墨,ハクボク
薄命,ハクメイ
薄明,ハクメイ
波形,ハケイ
はげ,ハゲ
禿頭,ハゲアタマ
箱入り,ハコイリ
箱崎,ハコザキ
はさ,ハサ
刃先,ハサキ
はさみ,ハサミ
破産,ハサン
はし,ハシ
端書,ハシガキ
はしご,ハシゴ
梯子,ハシゴ
梯子段,ハシゴダン
端々,ハシバシ
柱時計,ハシラドケイ
走り,ハシリ
走り書き,ハシリガキ
はじ,ハジ
ハジ,ハジ
恥知らず,ハジシラズ
始まり,ハジマリ
はじめ,ハジメ
初め,ハジメ
始め,ハジメ
波状,ハジョウ
はず,ハズ
ハズ,ハズ
はずみ,ハズミ
長谷川,ハセガワ
波線,ハセン
沙魚,ハゼ
はたご,ハタゴ
はたち,ハタチ
はたらき,ハタラキ
働き,ハタラキ
裸一貫,ハダカイッカン
はだし,ハダシ
裸足,ハダシ
鉢合せ,ハチアワセ
八月,ハチガツ
はちまき,ハチマキ
鉢巻,ハチマキ
発火,ハッカ
はっかん,ハッカン
発汗,ハッカン
発揮,ハッキ
発狂,ハッキョウ
白金,ハッキン
八景,ハッケイ
白血球,ハッケッキュウ
発見,ハッケン
八犬伝,ハッケンデン
発行,ハッコウ
白光,ハッコウ
白骨,ハッコツ
発声,ハッセイ
発生,ハッセイ
発達,ハッタツ
発展,ハッテン
発表,ハッピョウ
八方,ハッポウ
発育,ハツイク
発言,ハツゲン
発動,ハツドウ
発病,ハツビョウ
発明,ハツメイ
発露,ハツロ
果て,ハテ
ハテナ,ハテナ
破天荒,ハテンコウ
派手,ハデ
波動,ハドウ
はな,ハナ
鼻息,ハナイキ
鼻緒,ハナオ
花形,ハナガタ
鼻紙,ハナガミ
鼻糞,ハナクソ
鼻毛,ハナゲ
鼻汁,ハナシル
鼻筋,ハナスジ
花園,ハナゾノ
花畑,ハナバタケ
花弁,ハナビラ
花札,ハナフダ
歯並,ハナミ
花婿,ハナムコ
鼻眼鏡,ハナメガネ
華やか,ハナヤカ
花嫁,ハナヨメ
離れ離れ,ハナレバナレ
放れ業,ハナレワザ
離れ業,ハナレワザ
花輪,ハナワ
羽根,ハネ
跳ね,ハネ
母親,ハハオヤ
母方,ハハカタ
母御,ハハゴ
ハバナ,ハバナ
はぶ,ハブ
羽二重,ハブタエ
歯ブラシ,ハブラシ
破片,ハヘン
はま,ハマ
葉巻,ハマキ
浜崎,ハマザキ
浜町,ハマチョウ
羽虫,ハムシ
葉虫,ハムシ
はめ,ハメ
破滅,ハメツ
刃物,ハモノ
波紋,ハモン
はや,ハヤ
早鐘,ハヤガネ
早く,ハヤク
早道,ハヤミチ
早わかり,ハヤワカリ
払い,ハライ
腹痛,ハライタ
腹の中,ハラノウチ
波瀾,ハラン
はり,ハリ
張り,ハリ
玻璃,ハリ
ハル,ハル
はるか,ハルカ
遥か,ハルカ
春霞,ハルガスミ
春先,ハルサキ
はるよ,ハルヨ
春吉,ハルヨシ
破裂,ハレツ
はん,ハン
範囲,ハンイ
反映,ハンエイ
半襟,ハンエリ
繁華,ハンカ
半開,ハンカイ
ハンカチ,ハンカチ
反感,ハンカン
反間,ハンカン
半額,ハンガク
反響,ハンキョウ
反逆,ハンギャク
ハンケチ,ハンケチ
反抗,ハンコウ
犯行,ハンコウ
はんこん,ハンコン
瘢痕,ハンコン
犯罪,ハンザイ
半紙,ハンシ
反射,ハンシャ
はんしょう,ハンショウ
半鐘,ハンショウ
繁殖,ハンショク
半信半疑,ハンシンハンギ
判事,ハンジ
繁昌,ハンジョウ
反省,ハンセイ
犯跡,ハンセキ
判然,ハンゼン
反対,ハンタイ
判断,ハンダン
半天,ハンテン
斑点,ハンテン
半年,ハントシ
半日,ハンニチ
犯人,ハンニン
反応,ハンノウ
反駁,ハンバク
半開き,ハンビラキ
半分,ハンブン
はんぷ,ハンプ
頒布,ハンプ
判明,ハンメイ
半面,ハンメン
煩悶,ハンモン
はんよう,ハンヨウ
氾濫,ハンラン
場合,バアイ
婆さん,バアサン
ばい,バイ
バイ,バイ
煤煙,バイエン
黴菌,バイキン
倍数,バイスウ
黴毒,バイドク
ばか,バカ
バカ,バカ
馬鹿,バカ
ばく,バク
バク,バク
爆音,バクオン
莫大,バクダイ
爆弾,バクダン
爆発,バクハツ
曝露,バクロ
化け物,バケモノ
馬車,バシャ
場所,バショ
バス,バス
場末,バスエ
バタ,バタ
罰当り,バチアタリ
罰金,バッキン
抜萃,バッスイ
ばった,バッタ
抜群,バツグン
バテレン,バテレン
罵倒,バトウ
ばなし,バナシ
離れ,バナレ
ばば,ババ
場面,バメン
ばやし,バヤシ
ばら,バラ
バラ,バラ
薔薇,バラ
薔薇色,バライロ
ばり,バリ
バリ,バリ
張り,バリ
馬力,バリキ
バルカン半島,バルカンハントウ
ばん,バン
番頭,バンガシラ
万頃,バンケイ
万古,バンコ
番号,バンゴウ
晩酌,バンシャク
晩秋,バンシュウ
万象,バンショウ
万事,バンジ
盤石,バンジャク
磐石,バンジャク
万代,バンダイ
番地,バンチ
バンド,バンド
番人,バンニン
晩年,バンネン
万能,バンノウ
万物,バンブツ
番目,バンメ
万有,バンユウ
パイ,パイ
パス,パス
パタン,パタン
パテント,パテント
パノラマ,パノラマ
パラソル,パラソル
パラボラ,パラボラ
パリ,パリ
巴里,パリ
パレット,パレット
パン,パン
パンツ,パンツ
パンフレット,パンフレット
パーセント,パーセント
ひいき,ヒイキ
贔屓,ヒイキ
緋色,ヒイロ
冷え,ヒエ
冷え冷え,ヒエビエ
秘奥,ヒオウ
比較,ヒカク
皮革,ヒカク
悲観,ヒカン
被害,ヒガイ
ひがし,ヒガシ
東側,ヒガシガワ
緋鹿子,ヒガノコ
彼岸,ヒガン
ひき,ヒキ
引き,ヒキ
引合い,ヒキアイ
引当て,ヒキアテ
引受,ヒキウケ
引受け,ヒキウケ
悲喜劇,ヒキゲキ
抽斗,ヒキダシ
引継ぎ,ヒキツギ
引付け,ヒキツケ
引伸し,ヒキノバシ
引戻し,ヒキモドシ
卑怯,ヒキョウ
引分,ヒキワケ
引渡し,ヒキワタシ
卑近,ヒキン
日暮し,ヒグラシ
日暮,ヒグレ
日暮れ,ヒグレ
否決,ヒケツ
披見,ヒケン
ヒゲ,ヒゲ
悲劇,ヒゲキ
飛行機,ヒコウキ
飛行場,ヒコウジョウ
被告,ヒコク
ひご,ヒゴ
日毎,ヒゴト
久方振り,ヒサカタブリ
ひさし,ヒサシ
久し振り,ヒサシブリ
悲惨,ヒサン
ひざ,ヒザ
膝頭,ヒザガシラ
膝小僧,ヒザコゾウ
膝下,ヒザモト
秘史,ヒシ
ひじ,ヒジ
肘掛,ヒジカケ
肘掛け,ヒジカケ
肘鉄砲,ヒジデッポウ
秘術,ヒジュツ
非常,ヒジョウ
非常識,ヒジョウシキ
非常時,ヒジョウジ
緋縮緬,ヒジリメン
ヒステリー,ヒステリー
火攻め,ヒゼメ
肥前,ヒゼン
皮相,ヒソウ
秘蔵,ヒゾウ
ひたい,ヒタイ
ひたぶる,ヒタブル
ひだ,ヒダ
肥大,ヒダイ
ひだり,ヒダリ
左上,ヒダリウエ
左肩,ヒダリカタ
左側,ヒダリガワ
左利き,ヒダリキキ
左下,ヒダリシタ
左手,ヒダリテ
左端,ヒダリハシ
筆記,ヒッキ
引越し,ヒッコシ
必死,ヒッシ
筆紙,ヒッシ
筆写,ヒッシャ
筆者,ヒッシャ
畢生,ヒッセイ
筆跡,ヒッセキ
筆蹟,ヒッセキ
筆致,ヒッチ
ひつ,ヒツ
悲痛,ヒツウ
必然,ヒツゼン
必要,ヒツヨウ
筆力,ヒツリョク
日付,ヒヅケ
否定,ヒテイ
ひと,ヒト
一足,ヒトアシ
一息,ヒトイキ
人影,ヒトカゲ
一口,ヒトクチ
一言,ヒトコト
一筋,ヒトスジ
一筋縄,ヒトスジナワ
人達,ヒトタチ
ひとたび,ヒトタビ
人魂,ヒトダマ
人違い,ヒトチガイ
ひとつ,ヒトツ
一つ,ヒトツ
ひとつぶ,ヒトツブ
人妻,ヒトヅマ
人となり,ヒトトナリ
人並,ヒトナミ
人々,ヒトビト
人母,ヒトボ
人前,ヒトマエ
ひとみ,ヒトミ
人見知り,ヒトミシリ
人目,ヒトメ
一文字,ヒトモジ
一役,ヒトヤク
ひとり,ヒトリ
独り,ヒトリ
独言,ヒトリゴト
独り占め,ヒトリジメ
一人娘,ヒトリムスメ
一わたり,ヒトワタリ
非道,ヒドウ
日取り,ヒドリ
ひな,ヒナ
批難,ヒナン
非難,ヒナン
皮肉,ヒニク
否認,ヒニン
非人,ヒニン
ひね,ヒネ
火の車,ヒノクルマ
日の出,ヒノデ
日の目,ヒノメ
批判,ヒハン
火花,ヒバナ
批評,ヒヒョウ
ひび,ヒビ
日々,ヒビ
響き,ヒビキ
皮膚,ヒフ
干乾,ヒボシ
非凡,ヒボン
ひま,ヒマ
秘密,ヒミツ
悲鳴,ヒメイ
姫君,ヒメギミ
ひも,ヒモ
ひゃく,ヒャク
百姓,ヒャクショウ
百科全書,ヒャッカゼンショ
百貨店,ヒャッカテン
冷汗,ヒヤアセ
冷やか,ヒヤヤカ
ひょう,ヒョウ
氷塊,ヒョウカイ
氷解,ヒョウカイ
表現,ヒョウゲン
標札,ヒョウサツ
拍子,ヒョウシ
表紙,ヒョウシ
標準,ヒョウジュン
表情,ヒョウジョウ
氷雪,ヒョウセツ
飄然,ヒョウゼン
ひょうそう,ヒョウソウ
表装,ヒョウソウ
標題,ヒョウダイ
漂着,ヒョウチャク
評判,ヒョウバン
表皮,ヒョウヒ
標本,ヒョウホン
表明,ヒョウメイ
表面,ヒョウメン
漂流,ヒョウリュウ
費用,ヒヨウ
日吉,ヒヨシ
ひより,ヒヨリ
日和,ヒヨリ
平生,ヒラオ
開き,ヒラキ
平地,ヒラチ
平手,ヒラテ
昼間,ヒルマ
ひれ,ヒレ
ヒレ,ヒレ
披瀝,ヒレキ
悲恋,ヒレン
ひろ,ヒロ
披露,ヒロウ
疲労,ヒロウ
広場,ヒロバ
品行,ヒンコウ
瀕死,ヒンシ
貧弱,ヒンジャク
品性,ヒンセイ
ヒント,ヒント
品等,ヒントウ
貧道,ヒンドウ
品評,ヒンピョウ
頻々,ヒンピン
繽紛,ヒンプン
貧民窟,ヒンミンクツ
美化,ビカ
美感,ビカン
引き,ビキ
微苦笑,ビクショウ
備考,ビコウ
微細,ビサイ
美酒,ビシュ
微小,ビショウ
微笑,ビショウ
美少女,ビショウジョ
美少年,ビショウネン
美事,ビジ
美術,ビジュツ
美女,ビジョ
美人,ビジン
微生物,ビセイブツ
ビタミン,ビタミン
美談,ビダン
びっくり,ビックリ
ビックリ,ビックリ
吃驚,ビックリ
美的,ビテキ
美点,ビテン
ビフテキ,ビフテキ
美貌,ビボウ
美味,ビミ
微妙,ビミョウ
美妙,ビミョウ
媚薬,ビヤク
びょう,ビョウ
病院,ビョウイン
病気,ビョウキ
病原,ビョウゲン
病原菌,ビョウゲンキン
病室,ビョウシツ
描写,ビョウシャ
病者,ビョウシャ
病床,ビョウショウ
病状,ビョウジョウ
病態,ビョウタイ
病的,ビョウテキ
病棟,ビョウトウ
平等,ビョウドウ
病毒,ビョウドク
病人,ビョウニン
屏風,ビョウブ
病癖,ビョウヘキ
病名,ビョウメイ
病理,ビョウリ
びら,ビラ
びらき,ビラキ
びり,ビリ
微粒子,ビリュウシ
鼻梁,ビリョウ
びろう,ビロウ
天鵞絨,ビロウド
びん,ビン
敏活,ビンカツ
敏感,ビンカン
貧乏,ビンボウ
ビーカー,ビーカー
ビール,ビール
ピエロ,ピエロ
ピストル,ピストル
ピン,ピン
ファイル,ファイル
不安,フアン
フィルム,フィルム
不意,フイ
不意打ち,フイウチ
ふう,フウ
風雨,フウウ
富家,フウカ
風格,フウカク
風変り,フウガワリ
封切,フウキリ
風景,フウケイ
風光,フウコウ
風采,フウサイ
諷刺,フウシ
風姿,フウシ
風説,フウセツ
風前,フウゼン
風俗,フウゾク
風潮,フウチョウ
瘋癲,フウテン
風評,フウヒョウ
夫婦,フウフ
風物,フウブツ
風貌,フウボウ
風来坊,フウライボウ
不運,フウン
不易,フエキ
フォックストロット,フォックストロット
フォルマリン,フォルマリン
フォン,フォン
フォーク,フォーク
ふか,フカ
不可,フカ
孵化,フカ
不快,フカイ
附会,フカイ
深入り,フカイリ
深江,フカエ
不可解,フカカイ
不覚,フカク
不可抗力,フカコウリョク
不可思議,フカシギ
不可能,フカノウ
深み,フカミ
深酔い,フカヨイ
ふき,フキ
附記,フキ
吹上,フキアゲ
不機嫌,フキゲン
不規則,フキソク
不休,フキュウ
不朽,フキュウ
普及,フキュウ
布教,フキョウ
附近,フキン
不謹慎,フキンシン
ふぎ,フギ
不義,フギ
俯仰,フギョウ
ふく,フク
腹案,フクアン
福岡,フクオカ
福岡大学,フクオカダイガク
複合,フクゴウ
袱紗,フクサ
伏在,フクザイ
複雑,フクザツ
複式,フクシキ
輻射熱,フクシャネツ
副手,フクシュ
復讐,フクシュウ
服従,フクジュウ
服装,フクソウ
腹部,フクブ
腹壁,フクヘキ
腹膜,フクマク
覆滅,フクメツ
覆面,フクメン
ふくよか,フクヨカ
ふくろう,フクロウ
袋物,フクロモノ
ふぐ,フグ
不倶戴天,フグタイテン
ふけ,フケ
不言,フゲン
不孝,フコウ
不幸,フコウ
不公平,フコウヘイ
布告,フコク
富豪,フゴウ
不合理,フゴウリ
ふさ,フサ
夫妻,フサイ
不在,フザイ
ふし,フシ
不思議,フシギ
不自然,フシゼン
ふしだら,フシダラ
伏し目,フシメ
不祥,フショウ
不詳,フショウ
負傷,フショウ
不消化,フショウカ
不承不承,フショウブショウ
不審,フシン
富士山,フジサン
不充分,フジュウブン
不自由,フジユウ
不浄,フジョウ
浮上,フジョウ
不如帰,フジョキ
婦女子,フジョシ
夫人,フジン
婦人,フジン
伏せ,フセ
不正,フセイ
風情,フゼイ
不足,フソク
附則,フソク
不即不離,フソクフリ
附属,フゾク
ふた,フタ
二重瞼,フタエマブタ
ふたつ,フタツ
二つ,フタツ
二つ返事,フタツヘンジ
二股,フタマタ
負担,フタン
ふだん,フダン
不断,フダン
ふち,フチ
不治,フチ
不知,フチ
附着,フチャク
浮沈,フチン
復活,フッカツ
復旧,フッキュウ
沸騰,フットウ
ふつ,フツ
普通,フツウ
払暁,フツギョウ
不都合,フツゴウ
不敵,フテキ
筆先,フデサキ
筆太,フデブト
不得要領,フトクヨウリョウ
ふところ,フトコロ
太字,フトジ
布団,フトン
蒲団,フトン
不動,フドウ
舟木,フナキ
赴任,フニン
不能,フノウ
腐敗,フハイ
不品行,フヒンコウ
不平等,フビョウドウ
ふびん,フビン
不憫,フビン
不文,フブン
不平,フヘイ
普遍,フヘン
不便,フベン
不法,フホウ
不磨,フマ
不満,フマン
ふみ,フミ
踏切,フミキリ
不眠,フミン
不明,フメイ
ふゆ,フユ
富裕,フユウ
浮游,フユウ
不愉快,フユカイ
不行届,フユキトドキ
不行届き,フユキトドキ
不用,フヨウ
フラ,フラ
フラスコ,フラスコ
腐爛,フラン
フランス,フランス
仏蘭西,フランス
ふり,フリ
不利,フリ
振り,フリ
降り,フリ
振子,フリコ
振袖,フリソデ
振付け,フリツケ
俘虜,フリョ
不良,フリョウ
不倫,フリン
古手,フルテ
フロイド,フロイド
附録,フロク
風呂敷,フロシキ
フロック,フロック
ふん,フン
フン,フン
噴火,フンカ
分間,フンカン
憤慨,フンガイ
奮起,フンキ
憤激,フンゲキ
粉砕,フンサイ
憤死,フンシ
紛失,フンシツ
粉飾,フンショク
奮然,フンゼン
扮装,フンソウ
憤怒,フンヌ
噴飯,フンパン
分別,フンベツ
憤懣,フンマン
ぶおとこ,ブオトコ
醜男,ブオトコ
武官,ブカン
武器,ブキ
無気味,ブキミ
無作法,ブサホウ
武士,ブシ
無事,ブジ
侮辱,ブジョク
ブス,ブス
舞台,ブタイ
部長,ブチョウ
無調法,ブチョウホウ
仏閣,ブッカク
仏教,ブッキョウ
ブック,ブック
物質,ブッシツ
物色,ブッショク
物心,ブッシン
物騒,ブッソウ
仏体,ブッタイ
物体,ブッタイ
物的,ブッテキ
物品,ブッピン
ぶつ,ブツ
物議,ブツギ
仏具,ブツグ
仏事,ブツジ
仏前,ブツゼン
仏像,ブツゾウ
仏陀,ブツダ
仏壇,ブツダン
仏土,ブツド
仏道,ブツドウ
仏罰,ブツバツ
仏間,ブツマ
物理,ブツリ
舞踏,ブトウ
不念,ブネン
部分,ブブン
侮蔑,ブベツ
部門,ブモン
ブラ,ブラ
無頼,ブライ
無頼漢,ブライカン
ブラインド,ブラインド
部落,ブラク
ブラシ,ブラシ
ブランク,ブランク
ぶり,ブリ
ブリキ,ブリキ
ブル,ブル
無礼,ブレイ
ブレーキ,ブレーキ
ぶん,ブン
文案,ブンアン
分科,ブンカ
文化,ブンカ
文科,ブンカ
分解,ブンカイ
分割,ブンカツ
文官,ブンカン
文学,ブンガク
分業,ブンギョウ
文献,ブンケン
文庫,ブンコ
文書,ブンショ
文章,ブンショウ
文弱,ブンジャク
分析,ブンセキ
文責,ブンセキ
文体,ブンタイ
分担,ブンタン
聞知,ブンチ
文中,ブンチュウ
分の,ブンノ
分泌,ブンピツ
文物,ブンブツ
文房具,ブンボウグ
文明,ブンメイ
文明開化,ブンメイカイカ
分離,ブンリ
分裂,ブンレツ
プライド,プライド
プラチナ,プラチナ
プロ,プロ
プロット,プロット
プロパガンダ,プロパガンダ
弊害,ヘイガイ
平気,ヘイキ
平均,ヘイキン
へいげい,ヘイゲイ
睥睨,ヘイゲイ
並行,ヘイコウ
閉口,ヘイコウ
閉鎖,ヘイサ
平常,ヘイジョウ
平成,ヘイセイ
平静,ヘイセイ
平生,ヘイゼイ
平然,ヘイゼン
兵隊,ヘイタイ
併発,ヘイハツ
兵馬,ヘイバ
平伏,ヘイフク
平々凡々,ヘイヘイボンボン
平凡,ヘイボン
平面,ヘイメン
平野,ヘイヤ
併用,ヘイヨウ
並列,ヘイレツ
平和,ヘイワ
劈頭,ヘキトウ
壁面,ヘキメン
へきれき,ヘキレキ
兵児帯,ヘコオビ
舳先,ヘサキ
へそ,ヘソ
ヘタ,ヘタ
下手,ヘタ
へや,ヘヤ
部屋,ヘヤ
縁取,ヘリトリ
へん,ヘン
ヘン,ヘン
変位,ヘンイ
変化,ヘンカ
返還,ヘンカン
返却,ヘンキャク
変型,ヘンケイ
変形,ヘンケイ
変幻,ヘンゲン
変死,ヘンシ
偏執,ヘンシュウ
編輯,ヘンシュウ
変色,ヘンショク
返事,ヘンジ
変遷,ヘンセン
変装,ヘンソウ
変態,ヘンタイ
変調,ヘンチョウ
変通,ヘンツウ
返答,ヘントウ
変名,ヘンメイ
遍歴,ヘンレキ
ベイ,ベイ
米国,ベイコク
べた,ベタ
ベタ,ベタ
ベターハーフ,ベターハーフ
別個,ベッコ
ベッド,ベッド
べっぴん,ベッピン
別嬪,ベッピン
別人,ベツジン
別段,ベツダン
別々,ベツベツ
別物,ベツモノ
別離,ベツリ
ベラ,ベラ
べらぼう,ベラボウ
篦棒,ベラボウ
ベル,ベル
ベルリン,ベルリン
弁解,ベンカイ
勉強,ベンキョウ
便宜,ベンギ
弁護,ベンゴ
弁護士,ベンゴシ
弁士,ベンシ
便所,ベンジョ
弁当,ベントウ
弁明,ベンメイ
便利,ベンリ
弁論,ベンロン
ベーコン,ベーコン
ペキン,ペキン
北京,ペキン
ペケ,ペケ
ペン,ペン
ペンキ,ペンキ
ページ,ページ
補遺,ホイ
保育,ホイク
ほう,ホウ
方位,ホウイ
法医学,ホウイガク
法会,ホウエ
法衣,ホウエ
放火,ホウカ
方角,ホウガク
方角違い,ホウガクチガイ
包含,ホウガン
ほうき,ホウキ
抛棄,ホウキ
放棄,ホウキ
箒星,ホウキボシ
宝玉,ホウギョク
方形,ホウケイ
放言,ホウゲン
方言,ホウゲン
ほうこう,ホウコウ
奉公,ホウコウ
彷徨,ホウコウ
放校,ホウコウ
方向,ホウコウ
芳香,ホウコウ
報告,ホウコク
縫合,ホウゴウ
放散,ホウサン
奉仕,ホウシ
芳志,ホウシ
放射,ホウシャ
報酬,ホウシュウ
奉職,ホウショク
放神,ホウシン
方針,ホウシン
法事,ホウジ
ほうじょう,ホウジョウ
方丈,ホウジョウ
方正,ホウセイ
宝石,ホウセキ
包装,ホウソウ
法則,ホウソク
ほうたい,ホウタイ
奉戴,ホウタイ
法体,ホウタイ
繃帯,ホウタイ
放題,ホウダイ
放置,ホウチ
ほうちゃく,ホウチャク
逢着,ホウチャク
庖丁,ホウチョウ
法廷,ホウテイ
方程式,ホウテイシキ
宝刀,ホウトウ
報道,ホウドウ
放任,ホウニン
蓬髪,ホウハツ
朴歯,ホウバ
抱負,ホウフ
ほうふつ,ホウフツ
彷彿,ホウフツ
抛物線,ホウブツセン
方便,ホウベン
方法,ホウホウ
泡沫,ホウマツ
方面,ホウメン
宝物,ホウモツ
訪問,ホウモン
抱擁,ホウヨウ
法要,ホウヨウ
蓬莱,ホウライ
法力,ホウリキ
法律,ホウリツ
方略,ホウリャク
放流,ホウリュウ
芳烈,ホウレツ
ほお,ホオ
頬杖,ホオヅエ
頬紅,ホオベニ
ほか,ホカ
捕獲,ホカク
火影,ホカゲ
保管,ホカン
北欧,ホクオウ
ほくろ,ホクロ
法華経,ホケキョウ
ほこり,ホコリ
ホコリ,ホコリ
誇り,ホコリ
保護,ホゴ
星廻り,ホシマワリ
捕手,ホシュ
保証,ホショウ
捕捉,ホソク
細引,ホソビキ
保存,ホゾン
発作,ホッサ
放ったらかし,ホッタラカシ
ホット,ホット
発頭人,ホットウニン
ほととぎす,ホトトギス
ほとり,ホトリ
殆ど,ホトンド
ほど,ホド
骨組み,ホネグミ
骨身,ホネミ
ほのか,ホノカ
歩武,ホブ
ホヤ,ホヤ
保有,ホユウ
法螺,ホラ
ほり,ホリ
彫り,ホリ
捕吏,ホリ
掘り,ホリ
保留,ホリュウ
ホルムズ,ホルムズ
ホルモン,ホルモン
ほん,ホン
ホン,ホン
本位,ホンイ
本懐,ホンカイ
本格,ホンカク
本館,ホンカン
本気,ホンキ
本家,ホンケ
本源,ホンゲン
本山,ホンザン
本質,ホンシツ
本社,ホンシャ
本性,ホンショウ
本職,ホンショク
本日,ホンジツ
本筋,ホンスジ
本籍,ホンセキ
本尊,ホンゾン
ホント,ホント
ほんとう,ホントウ
本当,ホントウ
本堂,ホンドウ
本人,ホンニン
本年,ホンネン
本能,ホンノウ
本場,ホンバ
本箱,ホンバコ
本部,ホンブ
本分,ホンブン
本文,ホンブン
奔放,ホンポウ
ほんま,ホンマ
本末,ホンマツ
本丸,ホンマル
本名,ホンミョウ
本元,ホンモト
本物,ホンモノ
本来,ホンライ
本領,ホンリョウ
本論,ホンロン
ホース,ホース
ホームラン,ホームラン
ぼう,ボウ
ぼうあつ,ボウアツ
防遏,ボウアツ
望遠鏡,ボウエンキョウ
傍観,ボウカン
防寒,ボウカン
忘却,ボウキャク
棒切れ,ボウギレ
冒険,ボウケン
暴言,ボウゲン
ぼうこう,ボウコウ
膀胱,ボウコウ
謀殺,ボウサツ
坊さん,ボウサン
帽子,ボウシ
忘失,ボウシツ
坊主,ボウズ
紡績,ボウセキ
ぼうぜん,ボウゼン
呆然,ボウゼン
茫然,ボウゼン
滂沱,ボウダ
棒立ち,ボウダチ
防虫,ボウチュウ
傍点,ボウテン
冒頭,ボウトウ
ぼうとく,ボウトク
冒涜,ボウトク
暴動,ボウドウ
防波堤,ボウハテイ
防腐,ボウフ
暴風,ボウフウ
暴風雨,ボウフウウ
暴慢,ボウマン
ぼく,ボク
牧師,ボクシ
墨汁,ボクジュウ
牧場,ボクジョウ
卜筮,ボクゼイ
僕達,ボクタチ
呆け,ボケ
墓穴,ボケツ
母校,ボコウ
菩薩,ボサツ
墓参,ボサン
母子,ボシ
母性,ボセイ
母体,ボタイ
母胎,ボタイ
ボタン,ボタン
牡丹,ボタン
菩提,ボダイ
菩提心,ボダイシン
菩提寺,ボダイジ
菩提樹,ボダイジュ
墓地,ボチ
勃興,ボッコウ
坊ちゃん,ボッチャン
勃発,ボッパツ
没我,ボツガ
没落,ボツラク
ボランティア,ボランティア
ボロボロ,ボロボロ
ぼん,ボン
ボン,ボン
煩悩,ボンノウ
凡百,ボンピャク
凡夫,ボンプ
ボンボン,ボンボン
ボー,ボー
ボーイ,ボーイ
ボール,ボール
ボール紙,ボールガミ
ボールド,ボールド
ポケット,ポケット
ポスター,ポスター
ポスト,ポスト
ポンプ,ポンプ
ポー,ポー
毎朝,マイアサ
枚挙,マイキョ
マイクロ,マイクロ
埋葬,マイソウ
昧爽,マイソウ
馬出,マイダシ
毎月,マイツキ
舞鶴,マイヅル
毎年,マイトシ
毎度,マイド
マイナス,マイナス
毎日,マイニチ
毎晩,マイバン
毎夜,マイヨ
真上,マウエ
前足,マエアシ
前置き,マエオキ
前々,マエマエ
まがい,マガイ
曲り,マガリ
間借り,マガリ
まき,マキ
巻き,マキ
巻物,マキモノ
間際,マギワ
魔窟,マクツ
まくら,マクラ
枕元,マクラモト
枕許,マクラモト
マクリ,マクリ
負け,マケ
まこと,マコト
まさ,マサ
まさき,マサキ
マサキ,マサキ
正木,マサキ
正義,マサヨシ
真下,マシタ
魔手,マシュ
魔性,マショウ
まじ,マジ
真面目,マジメ
魔術,マジュツ
魔神,マジン
ます,マス
麻酔,マスイ
マスク,マスク
又聞き,マタギキ
まち,マチ
待合,マチアイ
間違い,マチガイ
町中,マチナカ
町並,マチナミ
町家,マチヤ
まっ,マッ
真っ,マッ
真赤,マッカ
末期,マッキ
真暗,マックラ
真黒,マックロ
真向,マッコウ
真青,マッサオ
真逆様,マッサカサマ
真先,マッサキ
抹殺,マッサツ
抹消,マッショウ
末梢,マッショウ
真正面,マッショウメン
真白,マッシロ
真直,マッスグ
末世,マッセ
まっただなか,マッタダナカ
真只中,マッタダナカ
マッチ,マッチ
まつ,マツ
松浦,マツウラ
松岡,マツオカ
まつげ,マツゲ
睫毛,マツゲ
マツ子,マツコ
松蝉,マツゼミ
松園,マツゾノ
末代,マツダイ
松林,マツバヤシ
松原,マツバラ
松村,マツムラ
祭り,マツリ
まとめ,マトメ
まとも,マトモ
マトモ,マトモ
惑い,マドイ
窓側,マドガワ
窓際,マドギワ
まなこ,マナコ
まなざし,マナザシ
真夏,マナツ
マニア,マニア
間に合せ,マニアワセ
真似,マネ
真似事,マネゴト
瞬き,マバタキ
麻痺,マヒ
まひる,マヒル
真昼,マヒル
麻布,マフ
まぶた,マブタ
魔法,マホウ
魔法使い,マホウツカイ
まま,ママ
ママ,ママ
継子,ママコ
まみ,マミ
狸穴,マミアナ
磨滅,マメツ
守り神,マモリガミ
守札,マモリフダ
守り本尊,マモリホンゾン
マヤ,マヤ
まゆ,マユ
眉毛,マユゲ
迷い,マヨイ
真横,マヨコ
真夜中,マヨナカ
まり,マリ
マリ,マリ
マリヤ,マリヤ
魔力,マリョク
丸帯,マルオビ
丸太,マルタ
丸出し,マルダシ
丸呑み,マルノミ
丸裸,マルハダカ
丸山,マルヤマ
まれ,マレ
まろ,マロ
廻し,マワシ
真綿,マワタ
まわり,マワリ
廻り,マワリ
マン,マン
満員,マンイン
満悦,マンエツ
蔓延,マンエン
漫画,マンガ
万が一,マンガイチ
万華鏡,マンゲキョウ
満月,マンゲツ
満腔,マンコウ
万劫,マンゴウ
満座,マンザ
慢心,マンシン
満身,マンシン
卍巴,マンジドモエ
満場,マンジョウ
満足,マンゾク
万田,マンダ
満潮,マンチョウ
満天下,マンテンカ
マント,マント
満堂,マンドウ
まんなか,マンナカ
まん中,マンナカ
真ン中,マンナカ
真中,マンナカ
万年筆,マンネンヒツ
万引,マンビキ
漫文,マンブン
満腹,マンプク
まんま,マンマ
まん丸,マンマル
満々,マンマン
漫々,マンマン
満面,マンメン
満目,マンモク
マンモス,マンモス
漫遊,マンユウ
みい,ミイ
ミイラ,ミイラ
木乃伊,ミイラ
身動き,ミウゴキ
身内,ミウチ
みえ,ミエ
三重,ミエ
見え,ミエ
見送り,ミオクリ
見覚え,ミオボエ
みか,ミカ
未開,ミカイ
見返り,ミカエリ
見かけ,ミカケ
味方,ミカタ
三日月,ミカヅキ
御門,ミカド
身神,ミカミ
磨き,ミガキ
身構え,ミガマエ
身代り,ミガワリ
右肩,ミギカタ
右側,ミギガワ
右手,ミギテ
未決監,ミケツカン
眉間,ミケン
みこ,ミコ
巫女,ミコ
御子,ミコ
見込,ミコミ
見込み,ミコミ
見事,ミゴト
見殺し,ミゴロシ
身支度,ミジタク
みじめ,ミジメ
みじん,ミジン
ミジン,ミジン
微塵,ミジン
みす,ミス
ミス,ミス
水入らず,ミズイラズ
鳩尾,ミズオチ
水掛論,ミズカケロン
自ら,ミズカラ
水薬,ミズグスリ
見ず知らず,ミズシラズ
水玉,ミズタマ
水茶屋,ミズチャヤ
水の泡,ミズノアワ
見せしめ,ミセシメ
未然,ミゼン
みそ,ミソ
ミソ,ミソ
晦日,ミソカ
未曾有,ミゾウ
みぞおち,ミゾオチ
みたい,ミタイ
見出し,ミダシ
みち,ミチ
ミチ,ミチ
未知,ミチ
道草,ミチクサ
道真,ミチザネ
道筋,ミチスジ
道幅,ミチハバ
密教,ミッキョウ
密告,ミッコク
密接,ミッセツ
密着,ミッチャク
三つ,ミッツ
密閉,ミッペイ
みつ,ミツ
ミツ,ミツ
密画,ミツガ
みつぎ,ミツギ
貢物,ミツギモノ
見付,ミツケ
見付け,ミツケ
みつば,ミツバ
蜜蜂,ミツバチ
御寺,ミテラ
みと,ミト
未到,ミトウ
認め,ミトメ
認印,ミトメイン
見取り,ミトリ
みどり,ミドリ
美登利,ミドリ
みな,ミナ
皆様,ミナサマ
皆さん,ミナサン
みなと,ミナト
南側,ミナミガワ
みの,ミノ
美濃,ミノ
身の上,ミノウエ
身の毛,ミノケ
身の程,ミノホド
見晴,ミハル
身ぶり,ミブリ
身振り,ミブリ
身ぶるい,ミブルイ
身分,ミブン
みほ,ミホ
見舞,ミマイ
見舞い,ミマイ
みみず,ミミズ
蚯蚓,ミミズ
耳元,ミミモト
身もだえ,ミモダエ
脈動,ミャクドウ
脈搏,ミャクハク
みや,ミヤ
みやげ,ミヤゲ
土産,ミヤゲ
みやこ,ミヤコ
みやま,ミヤマ
ミュンヘン,ミュンヘン
みょう,ミョウ
苗字,ミョウジ
名跡,ミョウセキ
妙薬,ミョウヤク
妙齢,ミョウレイ
みよ,ミヨ
御代,ミヨ
身寄り,ミヨリ
未来,ミライ
ミリ,ミリ
ミリメートル,ミリメートル
魅力,ミリョク
未練,ミレン
みろく,ミロク
弥勒,ミロク
弥勒菩薩,ミロクボサツ
魅惑,ミワク
見分け,ミワケ
民権,ミンケン
民衆,ミンシュウ
民族,ミンゾク
みんな,ミンナ
民謡,ミンヨウ
無意義,ムイギ
無意識,ムイシキ
無意味,ムイミ
無益,ムエキ
向い,ムカイ
むかし,ムカシ
昔気質,ムカシカタギ
昔馴染,ムカシナジミ
無感覚,ムカンカク
無関係,ムカンケイ
無害,ムガイ
無学,ムガク
無我夢中,ムガムチュウ
むき,ムキ
向き,ムキ
無期,ムキ
無軌道,ムキドウ
無機物,ムキブツ
むぎ,ムギ
麦秋,ムギアキ
ムク,ムク
無垢,ムク
報い,ムクイ
向け,ムケ
無形,ムケイ
無欠,ムケツ
夢幻,ムゲン
無間,ムゲン
無限,ムゲン
婿入り,ムコイリ
向う,ムコウ
向う側,ムコウガワ
婿がね,ムコガネ
無言,ムゴン
無罪,ムザイ
無残,ムザン
むし,ムシ
無私,ムシ
無視,ムシ
虫下し,ムシクダシ
武者,ムシャ
無色,ムショク
むしろ,ムシロ
無神経,ムシンケイ
無自覚,ムジカク
無慈悲,ムジヒ
無邪気,ムジャキ
矛盾,ムジュン
無上,ムジョウ
無常,ムジョウ
無情,ムジョウ
無数,ムスウ
息子,ムスコ
結び目,ムスビメ
無責任,ムセキニン
無双,ムソウ
無造作,ムゾウサ
無体,ムタイ
無駄,ムダ
無駄骨,ムダボネ
無茶,ムチャ
無茶苦茶,ムチャクチャ
夢中,ムチュウ
むつみ,ムツミ
六美,ムツミ
無手,ムテ
無定見,ムテイケン
無敵,ムテキ
無鉄砲,ムテッポウ
無頓着,ムトンジャク
無道,ムドウ
無毒,ムドク
胸騒ぎ,ムナサワギ
胸高,ムナダカ
無二,ムニ
無二無三,ムニムサン
むね,ムネ
無念,ムネン
無能,ムノウ
無比,ムヒ
無筆,ムヒツ
無表情,ムヒョウジョウ
無辺,ムヘン
無辺際,ムヘンザイ
むべ,ムベ
無法,ムホウ
むほん,ムホン
謀反,ムホン
無名,ムメイ
むや,ムヤ
むやみ,ムヤミ
夢遊病,ムユウビョウ
無用,ムヨウ
むら,ムラ
ムラ,ムラ
紫色,ムラサキイロ
村里,ムラザト
村人,ムラビト
村役場,ムラヤクバ
無理,ムリ
無理押し,ムリオシ
無理やり,ムリヤリ
無理矢理,ムリヤリ
無料,ムリョウ
無量,ムリョウ
無力,ムリョク
無類,ムルイ
群れ,ムレ
室見川,ムロミガワ
目当て,メアテ
めい,メイ
名医,メイイ
名家,メイカ
明快,メイカイ
明確,メイカク
名画,メイガ
迷宮,メイキュウ
名吟,メイギン
明言,メイゲン
名工,メイコウ
名刹,メイサツ
明察,メイサツ
名山,メイザン
名刺,メイシ
名士,メイシ
名勝,メイショウ
迷信,メイシン
明治,メイジ
明示,メイジ
名状,メイジョウ
名人,メイジン
名声,メイセイ
明晰,メイセキ
迷走,メイソウ
名著,メイチョ
鳴動,メイドウ
命日,メイニチ
姪の浜,メイノハマ
姪浜,メイノハマ
明白,メイハク
明敏,メイビン
冥福,メイフク
名物,メイブツ
名文,メイブン
迷夢,メイム
めいめい,メイメイ
命名,メイメイ
迷妄,メイモウ
名目,メイモク
瞑目,メイモク
名優,メイユウ
名誉,メイヨ
明瞭,メイリョウ
命令,メイレイ
明朗,メイロウ
迷惑,メイワク
めがね,メガネ
眼鏡,メガネ
めし,メシ
目下,メシタ
飯櫃,メシビツ
めじ,メジ
眼路,メジ
メス,メス
馬頭,メズ
メタル,メタル
滅茶,メチャ
メチャメチャ,メチャメチャ
メッキ,メッキ
鍍金,メッキ
めった,メッタ
滅多,メッタ
滅多矢鱈,メッタヤタラ
目付き,メツキ
目付,メツケ
滅亡,メツボウ
めど,メド
めのと,メノト
芽生え,メバエ
目星,メボシ
目眩,メマイ
眩暈,メマイ
メモ,メモ
メリケン,メリケン
メリヤス,メリヤス
メリンス,メリンス
めん,メン
免疫,メンエキ
面会,メンカイ
免状,メンジョウ
面前,メンゼン
面倒,メンドウ
面壁,メンペキ
面目,メンボク
面目次第,メンボクシダイ
綿密,メンミツ
面々,メンメン
メートル,メートル
猛火,モウカ
もうけ,モウケ
もうこ,モウコ
申し分,モウシブン
妄執,モウシュウ
もうしわけ,モウシワケ
申訳,モウシワケ
妄信,モウシン
盲進,モウシン
亡者,モウジャ
猛獣,モウジュウ
盲人,モウジン
毛氈,モウセン
猛然,モウゼン
妄想,モウソウ
毛髪,モウハツ
毛筆,モウヒツ
毛布,モウフ
もうまい,モウマイ
蒙昧,モウマイ
濛々,モウモウ
盲目,モウモク
網羅,モウラ
猛烈,モウレツ
もうろう,モウロウ
朦朧,モウロウ
模擬,モギ
木魚,モクギョ
黙殺,モクサツ
木材,モクザイ
木星,モクセイ
木製,モクセイ
目前,モクゼン
木像,モクゾウ
木造,モクゾウ
目的,モクテキ
目標,モクヒョウ
沐浴,モクヨク
目礼,モクレイ
模型,モケイ
文字,モジ
門司,モジ
文字通り,モジドオリ
もすそ,モスソ
モダン,モダン
もち,モチ
持ち,モチ
持ち主,モチヌシ
持主,モチヌシ
目下,モッカ
黙契,モッケイ
勿体,モッタイ
もっとも,モットモ
尤も,モットモ
モットー,モットー
モデル,モデル
もと,モト
モト,モト
元の木阿弥,モトノモクアミ
もの,モノ
モノ,モノ
物置,モノオキ
物音,モノオト
物覚え,モノオボエ
ものがたり,モノガタリ
物語,モノガタリ
物狂い,モノグルイ
物ごし,モノゴシ
物腰,モノゴシ
物事,モノゴト
物静か,モノシズカ
物の怪,モノノケ
物の本,モノノホン
物別れ,モノワカレ
模倣,モホウ
もみ,モミ
もみじ,モミジ
もめん,モメン
木綿,モメン
桃色,モモイロ
母屋,モヤ
モヨ,モヨ
模様,モヨウ
貰い,モライ
もろ,モロ
もん,モン
モン,モン
文句,モンク
もんじゅ,モンジュ
文殊,モンジュ
悶絶,モンゼツ
門前,モンゼン
問題,モンダイ
紋付,モンツキ
問答,モンドウ
門扉,モンピ
紋服,モンプク
文盲,モンモウ
モーション,モーション
モーニング,モーニング
モーニングコート,モーニングコート
ヤイ,ヤイ
夜陰,ヤイン
やう,ヤウ
八百屋,ヤオヤ
焼き,ヤキ
柳生,ヤギュウ
薬液,ヤクエキ
薬剤,ヤクザイ
役者,ヤクシャ
役所,ヤクショ
約束,ヤクソク
躍動,ヤクドウ
役人,ヤクニン
疫病,ヤクビョウ
薬物,ヤクブツ
役目,ヤクメ
役割,ヤクワリ
夜具,ヤグ
やけ,ヤケ
野犬,ヤケン
夜光,ヤコウ
野菜,ヤサイ
優形,ヤサガタ
矢先,ヤサキ
屋敷,ヤシキ
夜叉,ヤシャ
野心,ヤシン
野獣,ヤジュウ
やす,ヤス
休み,ヤスミ
夜中,ヤチュウ
厄介,ヤッカイ
やつ,ヤツ
奴等,ヤツラ
やとい,ヤトイ
雇人,ヤトイニン
宿屋,ヤドヤ
柳河,ヤナカワ
柳樽,ヤナギダル
家主,ヤヌシ
屋根,ヤネ
屋根裏,ヤネウラ
夜半,ヤハン
野蛮,ヤバン
破り,ヤブリ
破れ,ヤブレ
破れかぶれ,ヤブレカブレ
やぼ,ヤボ
野暮,ヤボ
野暮天,ヤボテン
山師,ヤマシ
山城,ヤマシロ
山裾,ヤマスソ
山高,ヤマタカ
山田,ヤマダ
山寺,ヤマデラ
やまと,ヤマト
山盛り,ヤマモリ
やみ,ヤミ
ヤミ,ヤミ
やみくも,ヤミクモ
やよ,ヤヨ
ヤヨ,ヤヨ
八代子,ヤヨコ
ヤリ,ヤリ
やり方,ヤリカタ
遣り口,ヤリクチ
遣手,ヤリテ
野郎,ヤロウ
やわ,ヤワ
やを,ヤヲ
ヤン,ヤン
唯一,ユイイツ
遺言,ユイゴン
唯心,ユイシン
唯物,ユイブツ
ゆう,ユウ
有意義,ユウイギ
誘因,ユウイン
憂鬱,ユウウツ
優越,ユウエツ
幽界,ユウカイ
誘拐,ユウカイ
遊廓,ユウカク
勇敢,ユウカン
夕刊,ユウカン
優雅,ユウガ
夕方,ユウガタ
勇気,ユウキ
有期,ユウキ
有機物,ユウキブツ
遊戯,ユウギ
有形,ユウケイ
有効,ユウコウ
ゆうこん,ユウコン
雄渾,ユウコン
有史,ユウシ
湧出,ユウシュツ
ゆうじ,ユウジ
友人,ユウジン
融通,ユウズウ
友禅,ユウゼン
悠然,ユウゼン
夕空,ユウゾラ
雄大,ユウダイ
誘致,ユウチ
有徳,ユウトク
有能,ユウノウ
誘発,ユウハツ
夕映,ユウバエ
夕日,ユウヒ
優美,ユウビ
郵便,ユウビン
幽閉,ユウヘイ
ゆうべ,ユウベ
雄弁,ユウベン
有名,ユウメイ
憂悶,ユウモン
悠々自適,ユウユウジテキ
猶予,ユウヨ
有利,ユウリ
遊離,ユウリ
憂慮,ユウリョ
有力,ユウリョク
幽霊,ユウレイ
誘惑,ユウワク
ゆえん,ユエン
所以,ユエン
由縁,ユエン
ゆか,ユカ
愉快,ユカイ
床上,ユカウエ
床下,ユカシタ
ゆかた,ユカタ
浴衣,ユカタ
ゆかり,ユカリ
ゆき,ユキ
行衛,ユキエ
行き止まり,ユキドマリ
遊行,ユギョウ
ゆくえ,ユクエ
行衛,ユクエ
行く先,ユクサキ
行く末,ユクスエ
湯気,ユゲ
ゆすり,ユスリ
譲り,ユズリ
ユダヤ,ユダヤ
油断,ユダン
湯殿,ユドノ
指折り,ユビオリ
指先,ユビサキ
指輪,ユビワ
湯槽,ユブネ
弓なり,ユミナリ
弓矢,ユミヤ
夢うつつ,ユメウツツ
夢心地,ユメゴコチ
夢野,ユメノ
夢枕,ユメマクラ
夢物語,ユメモノガタリ
由来,ユライ
ゆるやか,ユルヤカ
ゆんべ,ユンベ
酔い,ヨイ
余韻,ヨイン
よう,ヨウ
溶暗,ヨウアン
妖異,ヨウイ
容易,ヨウイ
用意,ヨウイ
ようえい,ヨウエイ
揺曳,ヨウエイ
妖怪,ヨウカイ
溶解,ヨウカイ
洋館,ヨウカン
羊羹,ヨウカン
洋傘,ヨウガサ
妖気,ヨウキ
容器,ヨウキ
陽気,ヨウキ
楊貴妃,ヨウキヒ
要求,ヨウキュウ
容共,ヨウキョウ
謡曲,ヨウキョク
養鶏,ヨウケイ
ようこ,ヨウコ
洋行,ヨウコウ
要項,ヨウコウ
擁護,ヨウゴ
用語,ヨウゴ
養蚕,ヨウサン
夭死,ヨウシ
洋紙,ヨウシ
用紙,ヨウシ
養子,ヨウシ
容赦,ヨウシャ
洋書,ヨウショ
幼少,ヨウショウ
容色,ヨウショク
要職,ヨウショク
用事,ヨウジ
ようじん,ヨウジン
用心,ヨウジン
要心,ヨウジン
様子,ヨウス
揚子江,ヨウスコウ
容積,ヨウセキ
要素,ヨウソ
容態,ヨウダイ
幼稚,ヨウチ
要点,ヨウテン
妖美,ヨウビ
洋服,ヨウフク
腰部,ヨウブ
養分,ヨウブン
用便,ヨウベン
容貌,ヨウボウ
要望,ヨウボウ
用務,ヨウム
用向き,ヨウムキ
要約,ヨウヤク
要領,ヨウリョウ
予感,ヨカン
予期,ヨキ
余興,ヨキョウ
翌朝,ヨクアサ
抑圧,ヨクアツ
浴室,ヨクシツ
翌日,ヨクジツ
浴場,ヨクジョウ
浴槽,ヨクソウ
翌年,ヨクネン
慾望,ヨクボウ
欲望,ヨクボウ
翌々日,ヨクヨクジツ
よけい,ヨケイ
余計,ヨケイ
予言,ヨゲン
横合い,ヨコアイ
横顔,ヨコガオ
横町,ヨコチョウ
横腹,ヨコバラ
横路,ヨコミチ
横道,ヨコミチ
予後,ヨゴ
夜毎,ヨゴト
吉塚,ヨシヅカ
吉利,ヨシトシ
良久,ヨシヒサ
予審,ヨシン
寄せ,ヨセ
寄席,ヨセ
余生,ヨセイ
余喘,ヨゼン
よそ,ヨソ
他所,ヨソ
予想,ヨソウ
予断,ヨダン
余談,ヨダン
予知,ヨチ
余地,ヨチ
欲求,ヨッキュウ
四つ,ヨッツ
四足,ヨツアシ
予定,ヨテイ
夜通し,ヨドオシ
余人,ヨニン
世の常,ヨノツネ
世の中,ヨノナカ
余波,ヨハ
呼ばわり,ヨバワリ
呼子,ヨビコ
呼び声,ヨビゴエ
呼声,ヨビゴエ
呼び出し,ヨビダシ
夜更け,ヨフケ
予報,ヨホウ
予防,ヨボウ
よみ,ヨミ
読み,ヨミ
夜店,ヨミセ
余命,ヨメイ
嫁御,ヨメゴ
嫁女,ヨメジョ
よもやま,ヨモヤマ
余裕,ヨユウ
ヨリ,ヨリ
寄り,ヨリ
よろい,ヨロイ
鎧戸,ヨロイド
喜び,ヨロコビ
輿論,ヨロン
弱虫,ヨワムシ
ヨーロッパ,ヨーロッパ
らい,ライ
ライ,ライ
雷雨,ライウ
らいさん,ライサン
雷山,ライザン
来年,ライネン
らいらく,ライラク
磊落,ライラク
来歴,ライレキ
らく,ラク
烙印,ラクイン
落語,ラクゴ
落籍,ラクセキ
落胆,ラクタン
落第,ラクダイ
落着,ラクチャク
楽天的,ラクテンテキ
落葉,ラクヨウ
落涙,ラクルイ
羅紗,ラシャ
羅紗紙,ラシャガミ
裸身,ラシン
ラジオ,ラジオ
螺旋,ラセン
裸像,ラゾウ
裸体,ラタイ
らち,ラチ
落下,ラッカ
楽観,ラッカン
らっぱ,ラッパ
喇叭,ラッパ
ラテン,ラテン
ラブシーン,ラブシーン
ラムネ,ラムネ
らん,ラン
乱心,ランシン
乱打,ランダ
卵白,ランパク
乱髪,ランパツ
乱暴,ランボウ
欄間,ランマ
乱脈,ランミャク
襤褸,ランル
利益,リエキ
りか,リカ
理解,リカイ
りかん,リカン
理学,リガク
力一,リキイチ
力量,リキリョウ
りく,リク
六体,リクタイ
理屈,リクツ
理窟,リクツ
利剣,リケン
りこ,リコ
利己,リコ
りさ,リサ
理性,リセイ
理想,リソウ
離脱,リダツ
理智,リチ
理智的,リチテキ
立脚,リッキャク
立志伝,リッシデン
立証,リッショウ
りっしんべん,リッシンベン
立派,リッパ
りつ,リツ
理詰め,リヅメ
利得,リトク
リノリウム,リノリウム
理髪,リハツ
リボン,リボン
裏面,リメン
りゃく,リャク
略説,リャクセツ
略記,リャッキ
りや,リヤ
りゅう,リュウ
留意,リュウイ
留学,リュウガク
流儀,リュウギ
流血,リュウケツ
流行,リュウコウ
留置,リュウチ
りゅうてい,リュウテイ
流涕,リュウテイ
流動,リュウドウ
留任,リュウニン
粒々,リュウリュウ
隆々,リュウリュウ
流露,リュウロ
理由,リユウ
りょう,リョウ
両足,リョウアシ
了解,リョウカイ
諒解,リョウカイ
両側,リョウガワ
猟奇,リョウキ
両脚,リョウキャク
両極端,リョウキョクタン
料金,リョウキン
りょうけん,リョウケン
了簡,リョウケン
領主,リョウシュ
両親,リョウシン
良心,リョウシン
両棲類,リョウセイルイ
霊山,リョウゼン
両端,リョウタン
領地,リョウチ
両手,リョウテ
両天秤,リョウテンビン
両道,リョウドウ
両人,リョウニン
領分,リョウブン
両方,リョウホウ
療法,リョウホウ
領有,リョウユウ
両様,リョウヨウ
料理,リョウリ
両立,リョウリツ
旅館,リョカン
緑色,リョクショク
旅行,リョコウ
旅宿,リョシュク
旅程,リョテイ
旅費,リョヒ
利用,リヨウ
離陸,リリク
理路,リロ
理論,リロン
輪廓,リンカク
臨機応変,リンキオウヘン
臨月,リンゲツ
燐光,リンコウ
りんご,リンゴ
林檎,リンゴ
隣室,リンシツ
臨終,リンジュウ
林泉,リンセン
りんね,リンネ
輪廻,リンネ
りんり,リンリ
倫理,リンリ
淋漓,リンリ
るい,ルイ
累月,ルイゲツ
類似,ルイジ
累々,ルイルイ
類例,ルイレイ
るじゅつ,ルジュツ
縷述,ルジュツ
留守,ルス
留守番,ルスバン
流転,ルテン
ルビ,ルビ
ルビー,ルビー
縷々,ルル
流浪,ルロウ
れい,レイ
零下,レイカ
霊感,レイカン
例外,レイガイ
冷気,レイキ
冷却,レイキャク
礼儀,レイギ
冷遇,レイグウ
冷血,レイケツ
霊験,レイケン
冷厳,レイゲン
冷酷,レイコク
霊魂,レイコン
隷書,レイショ
例証,レイショウ
冷笑,レイショウ
例示,レイジ
令嬢,レイジョウ
冷静,レイセイ
礼節,レイセツ
冷然,レイゼン
冷蔵,レイゾウ
冷淡,レイタン
霊知,レイチ
霊長,レイチョウ
霊肉,レイニク
礼拝,レイハイ
冷罵,レイバ
冷評,レイヒョウ
令夫人,レイフジン
怜悧,レイリ
れいれい,レイレイ
玲瓏,レイロウ
歴史,レキシ
歴々,レキレキ
レコード,レコード
烈火,レッカ
列挙,レッキョ
列車,レッシャ
レッテル,レッテル
裂帛,レッパク
烈風,レップウ
れつ,レツ
レトルト,レトルト
れん,レン
恋愛,レンアイ
れんが,レンガ
煉瓦,レンガ
連載,レンサイ
連日,レンジツ
レンズ,レンズ
聯想,レンソウ
連続,レンゾク
恋着,レンチャク
連中,レンチュウ
レントゲン,レントゲン
連絡,レンラク
連累,レンルイ
ろう,ロウ
聾唖,ロウア
老翁,ロウオウ
廊下,ロウカ
臘月,ロウゲツ
牢獄,ロウゴク
労作,ロウサク
老師,ロウシ
老死,ロウシ
ろうじょう,ロウジョウ
老嬢,ロウジョウ
老人,ロウジン
老衰,ロウスイ
蝋石,ロウセキ
漏洩,ロウセツ
狼藉,ロウゼキ
ろうそく,ロウソク
蝋燭,ロウソク
労働,ロウドウ
朗読,ロウドク
老若男女,ロウニャクナンニョ
老年,ロウネン
老婆,ロウバ
ろうばい,ロウバイ
狼狽,ロウバイ
牢屋,ロウヤ
老齢,ロウレイ
老練,ロウレン
ろか,ロカ
ロク,ロク
六月,ロクガツ
六字の名号,ロクジノミョウゴウ
六道,ロクドウ
六番,ロクバン
轆轤首,ロクロクビ
露骨,ロコツ
露西亜,ロシア
露出,ロシュツ
ろちょう,ロチョウ
顱頂,ロチョウ
ロック,ロック
肋骨,ロッコツ
六本松,ロッポンマツ
路傍,ロボウ
ロボット,ロボット
ロマンス,ロマンス
論告,ロンコク
論証,ロンショウ
論争,ロンソウ
ロンドン,ロンドン
倫敦,ロンドン
論難,ロンナン
論文,ロンブン
論法,ロンポウ
論理,ロンリ
ロース,ロース
ローマ,ローマ
ローマン,ローマン
ローマンス,ローマンス
矮躯,ワイク
矮小,ワイショウ
慧敏,ワイマン
わいろ,ワイロ
賄賂,ワイロ
わか,ワカ
和歌,ワカ
若返り,ワカガエリ
若君,ワカギミ
若旦那,ワカダンナ
若林,ワカバヤシ
若者,ワカモノ
別れ,ワカレ
別れ別れ,ワカレワカレ
我国,ワガクニ
わがはい,ワガハイ
吾輩,ワガハイ
我家,ワガヤ
わき,ワキ
脇野,ワキノ
腋の下,ワキノシタ
わけ,ワケ
輪袈裟,ワゲサ
わざ,ワザ
ワザ,ワザ
業物,ワザモノ
わし,ワシ
和紙,ワシ
忘れ,ワスレ
僅か,ワズカ
わせ,ワセ
わたくし,ワタクシ
わたし,ワタシ
渡し,ワタシ
わたしゃ,ワタシャ
私ゃ,ワタシャ
渡会,ワタライ
渡り,ワタリ
話題,ワダイ
わな,ワナ
ワナ,ワナ
わに,ワニ
わら,ワラ
笑い,ワライ
笑い声,ワライゴエ
わらじ,ワラジ
草鞋,ワラジ
わり,ワリ
割合,ワリアイ
割り注,ワリチュウ
わる,ワル
悪気,ワルギ
われ,ワレ
我勝ち,ワレガチ
破れ目,ワレメ
われわれ,ワレワレ
わん,ワン
湾内,ワンナイ
腕力,ワンリョク
